1,0.4272921,-4.9286963e-12,0.5270173,1,0.08190097,0.09088206,-0.09406819,0,-63.053574,-63.053574
2,0.50919306,0.09088206,0.4329491,1,0.0050006174,0.09027437,-0.08815674,0,-48.93068,-111.98425
3,0.51419365,0.18115643,0.34479237,1,0.008891545,-0.07489924,-0.051260542,0,-37.46576,-149.45001
4,0.5230852,0.106257185,0.29353184,1,0.06010069,0.037293226,-0.08509046,0,-36.001823,-185.45184
5,0.58318585,0.14355041,0.20844138,1,-0.09486591,0.030227687,-0.084035,0,-26.11647,-211.56831
6,0.48831993,0.1737781,0.124406375,1,0.051982097,0.027279403,-0.09720814,0,-20.947878,-232.51619
7,0.54030204,0.20105751,0.027198233,1,0.04365919,0.077895395,-0.08643859,0,-11.871483,-244.38768
8,0.58396125,0.2789529,-0.059240356,1,0.012987798,0.010283844,0.08397747,0,-6.4881763,-250.87585
9,0.59694904,0.28923675,0.024737112,1,-0.056793354,-0.05500829,0.041876044,0,-2.7149234,-253.59077
10,0.5401557,0.23422846,0.06661315,1,0.07969033,-0.041482285,-0.07151412,0,88.8894,-164.70139
11,0.4272921,-4.9286963e-12,0.5270173,2,0.06978033,-0.02999311,-0.09209602,0,-64.54908,-229.25046
12,0.49707243,-0.02999311,0.43492126,2,0.09363813,0.067114204,-0.09690344,0,-53.086834,-282.33728
13,0.5907106,0.037121095,0.33801782,2,0.09868245,-0.0025054638,-0.089713044,0,-39.92945,-322.26672
14,0.68939304,0.034615632,0.24830478,2,0.08283014,-0.01587822,-0.054343387,0,-27.402082,-349.66882
15,0.7722232,0.018737413,0.1939614,2,0.0704105,0.07265999,-0.092059344,0,-19.683413,-369.35223
16,0.84263366,0.091397405,0.10190205,2,-0.077105954,-0.027913138,-0.07631511,0,-14.337065,-383.68927
17,0.7655277,0.06348427,0.02558694,2,0.08635459,0.039475195,-0.028923087,0,-7.6637344,-391.35303
18,0.85188234,0.10295946,-0.0033361465,2,0.013733958,0.01544183,-0.024201257,0,-11.534104,-402.88715
19,0.8656163,0.11840129,-0.027537404,2,0.013352667,-0.054692876,0.099537596,0,-13.814005,-416.7011
20,0.878969,0.06370841,0.07200019,2,-0.09103663,-0.037075162,-0.037417714,0,-12.44142,-429.14252
21,0.4272921,-4.9286963e-12,0.5270173,1,0.096656926,0.0986724,-0.08523277,0,-63.053574,-492.1961
22,0.523949,0.0986724,0.44178453,1,0.0043102023,0.058663398,-0.0954328,0,-49.141647,-541.33777
23,0.5282592,0.15733579,0.34635174,1,0.04594705,0.011109535,0.021618905,0,-38.139133,-579.4769
24,0.5742063,0.16844532,0.36797065,1,-0.010313788,0.0023000604,-0.07068902,0,-39.163036,-618.63995
25,0.5638925,0.17074537,0.29728162,1,-0.020859677,0.049244866,-0.082937725,0,-32.617004,-651.25696
26,0.5430328,0.21999024,0.2143439,1,-0.03396809,0.06421778,-0.059522573,0,-23.57756,-674.83453
27,0.50906473,0.28420803,0.15482134,1,-0.017501997,0.005845811,-0.09782366,0,-18.0245,-692.859
28,0.49156272,0.29005384,0.05699768,1,-0.09109822,0.056187414,0.08150652,0,-12.290772,-705.1498
29,0.4004645,0.34624127,0.1385042,1,-0.0718816,-0.042761404,-0.019997522,0,-24.725714,-729.8755
30,0.3285829,0.30347985,0.118506685,1,0.051274225,0.08576933,-0.08726388,0,70.3819,-659.4936
31,0.4272921,-4.9286963e-12,0.5270173,3,0.09552054,-0.0943755,-0.083911695,0,-63.053574,-722.5472
32,0.52281266,-0.0943755,0.4431056,3,0.09737939,-0.012045679,-0.086366385,0,-49.455227,-772.0024
33,0.62019205,-0.10642118,0.35673922,3,0.011592984,-0.08469254,-0.092410624,0,-40.637836,-812.6402
34,0.63178504,-0.19111371,0.2643286,3,-0.06218018,-0.074710384,-0.069455855,0,-28.763887,-841.4041
35,0.5696049,-0.26582408,0.19487274,3,-0.059390284,-0.06928733,-0.094389245,0,-20.016804,-861.4209
36,0.51021457,-0.3351114,0.10048349,3,0.08354781,-0.035750326,-0.0824096,0,-13.925219,-875.3461
37,0.5937624,-0.37086174,0.018073894,3,-0.04511007,-0.06323789,0.040437616,0,-7.33959,-882.6857
38,0.54865235,-0.4340996,0.05851151,3,0.080956794,0.07116625,-0.0073798588,0,-15.505769,-898.1915
39,0.62960917,-0.36293337,0.05113165,3,0.042543244,0.023039646,0.099354014,0,-8.632355,-906.82385
40,0.6721524,-0.33989373,0.15048566,3,0.048022654,0.03565282,0.07029396,0,-17.159082,-923.9829
41,0.4272921,-4.9286963e-12,0.5270173,1,0.08407595,0.014162652,-0.07263527,0,-63.053574,-987.0365
42,0.51136804,0.014162652,0.45438203,1,0.053945333,0.09540902,-0.080769174,0,-54.40787,-1041.4443
43,0.56531334,0.10957167,0.37361285,1,-0.018946143,0.09965552,-0.09043003,0,-42.07763,-1083.522
44,0.54636717,0.20922719,0.28318283,1,0.023852527,0.09676721,-0.092817016,0,-30.217329,-1113.7394
45,0.5702197,0.3059944,0.19036582,1,0.037247244,-0.06278788,-0.09048769,0,-19.277433,-1133.0168
46,0.60746694,0.2432065,0.09987813,1,0.05347923,0.07045334,-0.08857866,0,-11.513861,-1144.5308
47,0.6609462,0.31365985,0.011299476,1,0.04592886,-0.09438309,0.04722225,0,-6.3472075,-1150.8779
48,0.706875,0.21927676,0.058521725,1,-0.09031029,0.05598144,0.04454212,0,-14.61619,-1165.4941
49,0.61656475,0.27525818,0.103063844,1,-0.07492492,0.025004456,-0.08654874,0,-10.727863,-1176.222
50,0.5416398,0.30026263,0.016515106,1,0.02678736,-0.06561731,0.036140416,0,93.934746,-1082.2872
51,0.4272921,-4.9286963e-12,0.5270173,3,0.06478378,-0.08231938,-0.07761365,0,-63.053574,-1145.3408
52,0.4920759,-0.08231938,0.44940364,3,0.084464066,-0.09404729,-0.04505928,0,-51.08778,-1196.4286
53,0.57653993,-0.17636667,0.40434438,3,0.03219984,-0.07085648,-0.082371004,0,-42.34737,-1238.776
54,0.6087398,-0.24722315,0.32197338,3,-0.057104945,-0.06957788,-0.097258374,0,-32.638725,-1271.4147
55,0.55163485,-0.31680104,0.22471501,3,0.041959006,0.020409172,-0.067677006,0,-23.047407,-1294.462
56,0.59359384,-0.29639187,0.157038,3,-0.044461243,-0.059525955,-0.08767056,0,-15.721003,-1310.183
57,0.5491326,-0.35591784,0.069367446,3,0.03529879,0.081101276,-0.013414585,0,-10.259699,-1320.4426
58,0.58443135,-0.27481657,0.055952862,3,-0.016072465,-0.09601022,-0.019362161,0,-6.3303337,-1326.773
59,0.5683589,-0.37082678,0.036590703,3,-0.08379112,-0.012188127,-0.021083197,0,-8.576987,-1335.35
60,0.48456776,-0.38301492,0.015507506,3,0.037680306,0.04272461,0.090522505,0,-14.302644,-1349.6526
61,0.4272921,-4.9286963e-12,0.5270173,1,0.08520079,0.04375205,-0.07817296,0,-63.053574,-1412.7062
62,0.5124929,0.04375205,0.44884434,1,0.040993493,0.09026871,-0.07601563,0,-52.41963,-1465.1259
63,0.5534864,0.13402076,0.37282872,1,0.07660507,0.07594024,-0.0963898,0,-41.074795,-1506.2007
64,0.6300915,0.209961,0.27643892,1,0.014468079,0.07588152,-0.07852963,0,-29.22858,-1535.4293
65,0.64455956,0.2858425,0.1979093,1,-0.08879518,0.023179838,-0.09932686,0,-20.335703,-1555.765
66,0.5557644,0.30902234,0.09858244,1,0.06520532,-0.06384842,-0.0973571,0,-10.842829,-1566.6078
67,0.6209697,0.24517392,0.0012253374,1,-0.085022576,-0.044890884,0.08419263,0,-5.871227,-1572.479
68,0.53594714,0.20028304,0.08541797,1,-0.08631668,-0.020552296,-0.07145122,0,-14.609064,-1587.088
69,0.44963047,0.17973074,0.013966754,1,-0.0020345368,0.003690412,-0.06697984,0,-19.30564,-1606.3937
70,0.44759592,0.18342115,-0.053013086,1,0.019946286,0.072270274,-0.031922854,0,80.09321,-1526.3004
71,0.4272921,-4.9286963e-12,0.5270173,2,0.08531922,-0.01665233,0.05081026,0,-64.54908,-1590.8495
72,0.5126113,-0.01665233,0.5778276,2,0.04773218,0.07145985,-0.09889188,0,-64.55651,-1655.406
73,0.5603435,0.05480752,0.4789357,2,0.07981203,-0.038189985,-0.085218795,0,-53.834797,-1709.2408
74,0.64015555,0.016617537,0.3937169,2,0.09879385,-0.04360378,-0.05543413,0,-42.525215,-1751.7661
75,0.7389494,-0.026986245,0.33828276,2,-0.03433588,0.061179362,-0.010009642,0,-34.480522,-1786.2466
76,0.70461357,0.034193117,0.32827312,2,0.08013542,0.020309415,-0.087241754,0,-34.355637,-1820.6022
77,0.784749,0.054502532,0.24103136,2,-0.007041296,-0.025210612,-0.09363523,0,-24.758682,-1845.3608
78,0.7777077,0.02929192,0.14739613,2,0.026602732,0.076059915,-0.0781516,0,-15.192296,-1860.5531
79,0.80431044,0.105351835,0.069244534,2,-0.01865306,-0.082419105,-0.021423006,0,-12.614433,-1873.1675
80,0.7856574,0.02293273,0.04782153,2,0.08647513,-0.05355058,-0.009580996,0,-5.494105,-1878.6616
81,0.4272921,-4.9286963e-12,0.5270173,1,-0.046714827,0.026497642,0.059718326,0,-63.053574,-1941.7152
82,0.38057727,0.026497642,0.5867356,1,0.045929763,0.06601406,-0.09891496,0,-68.35266,-2010.0679
83,0.42650703,0.0925117,0.48782066,1,-0.033686887,0.08363688,-0.07205274,0,-55.778152,-2065.846
84,0.39282015,0.17614858,0.4157679,1,0.08992785,0.016735634,-0.0727581,0,-48.075527,-2113.9214
85,0.482748,0.1928842,0.3430098,1,-0.09634642,0.020735687,0.0012328051,0,-37.79915,-2151.7205
86,0.3864016,0.21361989,0.3442426,1,0.09935239,-0.041590326,-0.09524945,0,-41.423275,-2193.1438
87,0.48575398,0.17202955,0.24899316,1,0.04526688,0.0911472,0.017859573,0,-30.236763,-2223.3806
88,0.5310209,0.26317674,0.26685274,1,0.013550426,0.03114314,-0.078491166,0,-27.807278,-2251.188
89,0.5445713,0.29431987,0.18836157,1,0.06258443,0.04937565,-0.089422144,0,-19.642986,-2270.831
90,0.6071557,0.34369552,0.098939426,1,0.09860754,-0.022966392,-0.057099912,0,89.160484,-2181.6707
91,0.4272921,-4.9286963e-12,0.5270173,3,0.05839977,-0.06908355,-0.08550684,0,-63.053574,-2244.724
92,0.48569188,-0.06908355,0.44151044,3,0.08877341,-0.0904794,-0.08496329,0,-51.119488,-2295.8435
93,0.5744653,-0.15956295,0.35654715,3,0.07525852,-0.06203259,-0.08093583,0,-38.405792,-2334.2493
94,0.64972377,-0.22159554,0.2756113,3,0.07534352,-0.02455097,-0.06801515,0,-29.082865,-2363.332
95,0.72506726,-0.24614652,0.20759615,3,-0.07003338,-0.08704559,-0.09961641,0,-24.827036,-2388.1592
96,0.6550339,-0.3331921,0.107979745,3,-0.045830242,0.029511195,-0.06451917,0,-12.565853,-2400.725
97,0.60920364,-0.30368093,0.043460578,3,-0.089391604,-0.046894375,-0.0931584,0,-4.457665,-2405.1829
98,0.51981205,-0.3505753,-0.049697824,3,-0.015731627,0.02375247,-0.09264363,0,-10.704132,-2415.887
99,0.5040804,-0.32682282,-0.14234146,3,0.08172299,0.022712326,0.08153445,0,-17.372715,-2433.2598
100,0.5858034,-0.3041105,-0.060807012,3,-0.027545854,-0.046426155,0.017308405,0,-6.257742,-2439.5176
101,0.4272921,-4.9286963e-12,0.5270173,1,0.07702846,0.07273616,-0.08372657,0,-63.053574,-2502.571
102,0.50432056,0.07273616,0.4432907,1,0.027287623,0.054737456,-0.0674545,0,-50.72574,-2553.2969
103,0.53160816,0.12747362,0.3758362,1,-0.07299775,-0.06381842,-0.08039871,0,-41.916065,-2595.213
104,0.45861042,0.063655205,0.29543748,1,0.07400976,0.076418124,-0.09845626,0,-40.38975,-2635.6025
105,0.5326202,0.14007333,0.19698122,1,0.05841642,0.08934244,-0.009593751,0,-26.252274,-2661.8547
106,0.5910366,0.22941577,0.18738747,1,0.06608252,0.0973572,-0.08013629,0,-20.044085,-2681.899
107,0.65711915,0.326773,0.107251175,1,-0.08930281,-0.019355545,-0.067795426,0,-12.44275,-2694.3418
108,0.5678164,0.30741745,0.03945575,1,0.020360235,0.047703326,-0.027368046,0,-5.1454463,-2699.4873
109,0.5881766,0.35512078,0.012087703,1,0.03837713,-0.0039496273,0.009251014,0,-5.7655916,-2705.253
110,0.6265537,0.35117114,0.021338716,1,0.007693121,0.042996,0.09589604,0,93.85271,-2611.4001
111,0.4272921,-4.9286963e-12,0.5270173,3,0.05162004,-0.08474972,-0.09518929,0,-63.053574,-2674.4536
112,0.47891214,-0.08474972,0.43182802,3,0.032998934,-0.066097826,-0.09863226,0,-49.7464,-2724.2
113,0.5119111,-0.15084755,0.33319575,3,-0.0076022367,-0.06245203,-0.09042701,0,-37.553364,-2761.7534
114,0.5043089,-0.21329959,0.24276873,3,-0.015867915,-0.036994614,-0.049012884,0,-27.497349,-2789.2507
115,0.48844096,-0.2502942,0.19375585,3,0.0701436,-0.0473193,-0.087976396,0,-22.903585,-2812.1543
116,0.5585846,-0.2976135,0.105779454,3,-0.007311783,0.097267635,-0.08398475,0,-11.362319,-2823.5166
117,0.5512728,-0.20034587,0.021794707,3,0.065416805,-0.09731391,-0.046065446,0,-11.304997,-2834.8215
118,0.6166896,-0.29765978,-0.02427074,3,-0.073667206,-0.08468417,0.026059031,0,-2.9548066,-2837.7764
119,0.5430224,-0.38234395,0.0017882921,3,0.06983559,-0.024341712,0.07802439,0,-10.015075,-2847.7915
120,0.612858,-0.40668565,0.079812676,3,0.048684064,-0.07690129,0.043818146,0,-13.385521,-2861.177
121,0.4272921,-4.9286963e-12,0.5270173,1,0.09044678,0.088702105,-0.09467568,0,-63.053574,-2924.2305
122,0.5177389,0.088702105,0.4323416,1,0.008014474,0.088148095,-0.079908624,0,-48.81936,-2973.0498
123,0.5257534,0.1768502,0.35243297,1,0.09931986,0.02589685,-0.043537047,0,-38.064083,-3011.1138
124,0.62507325,0.20274705,0.30889592,1,-0.03174375,0.055266414,-0.0927317,0,-32.4813,-3043.595
125,0.5933295,0.25801346,0.21616422,1,0.022419259,0.053028755,-0.08960714,0,-22.03051,-3065.6255
126,0.61574876,0.31104222,0.12655708,1,-0.04809115,0.019370317,-0.06694184,0,-12.801035,-3078.4265
127,0.5676576,0.33041254,0.05961524,1,0.01764846,-0.097060725,0.02110487,0,-7.432988,-3085.8596
128,0.58530605,0.23335181,0.08072011,1,0.076664954,0.009125587,-0.062196426,0,-10.57054,-3096.4302
129,0.661971,0.2424774,0.018523686,1,-0.058196,0.033468723,0.09305149,0,-8.655851,-3105.086
130,0.60377496,0.27594614,0.11157518,1,0.020825466,-0.060659304,0.058974694,0,88.5799,-3016.506
131,0.4272921,-4.9286963e-12,0.5270173,2,0.088193335,-0.0352051,-0.06688978,0,-64.54908,-3081.0552
132,0.51548547,-0.0352051,0.46012753,2,0.09801155,0.04926772,-0.09571737,0,-54.213028,-3135.268
133,0.613497,0.014062621,0.36441016,2,0.014703221,0.04432092,-0.09317312,0,-40.960457,-3176.2285
134,0.62820023,0.05838354,0.27123705,2,0.06913268,0.07918681,-0.09043673,0,-32.633316,-3208.8618
135,0.6973329,0.13757035,0.18080032,2,0.029311642,-0.06400081,-0.09586127,0,-24.930882,-3233.7927
136,0.7266446,0.07356954,0.08493905,2,-0.08166658,0.078952506,-0.040998135,0,-13.41944,-3247.2122
137,0.644978,0.15252206,0.043940913,2,0.058547597,-0.085601166,-0.026984125,0,-22.186846,-3269.399
138,0.7035256,0.06692089,0.016956788,2,0.013013925,-0.039785326,-0.06819127,0,-11.863073,-3281.2622
139,0.7165395,0.027135566,-0.05123448,2,0.072491914,0.018224467,0.057472877,0,-10.1621685,-3291.4243
140,0.7890314,0.045360032,0.006238397,2,-0.0057736845,0.08747582,0.09855449,0,-4.708249,-3296.1326
141,0.4272921,-4.9286963e-12,0.5270173,1,0.09631933,0.098650604,-0.06831117,0,-63.053574,-3359.186
142,0.5236114,0.098650604,0.45870614,1,0.0051297876,0.08639901,-0.09465388,0,-50.674267,-3409.8604
143,0.52874124,0.18504962,0.36405227,1,0.0796733,0.081426,-0.09138969,0,-38.836254,-3448.6965
144,0.60841453,0.26647562,0.27266258,1,0.01700373,0.013862803,0.007830249,0,-27.48446,-3476.1812
145,0.62541825,0.2803384,0.28049284,1,0.02784152,-0.086846605,-0.097035944,0,-28.232765,-3504.4138
146,0.65325975,0.1934918,0.1834569,1,-0.09164432,-0.09633721,0.047464415,0,-21.87168,-3526.2854
147,0.56161547,0.097154595,0.23092131,1,0.06727962,-0.06125519,-0.07172551,0,-30.974876,-3557.2603
148,0.6288951,0.035899404,0.15919581,1,0.0054398947,0.05686651,-0.022275817,0,-30.972143,-3588.2324
149,0.634335,0.09276591,0.13691999,1,-0.004266043,0.006539851,0.061880995,0,-25.07428,-3613.307
150,0.63006896,0.099305764,0.19880098,1,0.08398492,-0.056983087,-0.052324172,0,71.59152,-3541.7153
151,0.4272921,-4.9286963e-12,0.5270173,2,0.09887313,0.020008875,-0.059526775,0,-64.54908,-3606.2644
152,0.52616525,0.020008875,0.46749052,2,0.08335594,-0.011964995,-0.09301142,0,-54.21561,-3660.48
153,0.6095212,0.00804388,0.37447912,2,-0.075736925,-0.02886748,-0.07130397,0,-42.0216,-3702.5017
154,0.5337843,-0.0208236,0.30317515,2,0.08013095,0.056427345,0.033435713,0,-40.400448,-3742.902
155,0.6139152,0.035603747,0.33661085,2,0.044731017,-0.039357822,-0.08853049,0,-38.62668,-3781.5288
156,0.6586462,-0.0037540756,0.24808037,2,0.0995142,0.06788848,-0.074943416,0,-28.555008,-3810.0837
157,0.7581604,0.064134404,0.17313695,2,-0.03435922,0.07399254,-0.036338218,0,-18.931501,-3829.0154
158,0.7238012,0.13812694,0.13679874,2,0.056486487,0.07783833,0.053488195,0,-20.880423,-3849.8958
159,0.7802877,0.21596527,0.19028693,2,-0.047236945,-0.056341026,0.077480145,0,-28.851116,-3878.7468
160,0.73305076,0.15962425,0.26776707,2,0.063557655,0.0776376,-0.068596475,0,-31.884369,-3910.6313
161,0.4272921,-4.9286963e-12,0.5270173,1,0.056107543,0.046047788,-0.09040014,0,-63.053574,-3973.6848
162,0.48339966,0.046047788,0.43661717,1,0.07482943,-0.053750876,-0.08173772,0,-51.838398,-4025.5232
163,0.5582291,-0.007703088,0.35487944,1,0.070492215,0.0973134,-0.081170686,0,-47.15564,-4072.6787
164,0.6287213,0.08961031,0.27370876,1,0.034129832,0.04033221,-0.09160989,0,-34.64177,-4107.3203
165,0.66285115,0.12994252,0.18209887,1,-0.067154504,0.07130397,-0.0819995,0,-25.696266,-4133.0166
166,0.5956966,0.2012465,0.10009936,1,0.049228836,0.023221724,-0.07541959,0,-14.067927,-4147.085
167,0.6449255,0.22446823,0.024679773,1,0.01603499,-0.09346527,0.019989267,0,-9.128218,-4156.213
168,0.66096044,0.13100296,0.04466904,1,-0.09690159,-0.023778344,-0.06304662,0,-18.512564,-4174.7256
169,0.56405884,0.10722462,-0.01837758,1,-0.095763355,0.0913822,0.034764186,0,-19.69565,-4194.421
170,0.46829548,0.19860682,0.016386606,1,-0.051052455,0.086356424,0.005334971,0,83.29815,-4111.123
171,0.4272921,-4.9286963e-12,0.5270173,2,0.09782843,-0.0935238,-0.09785318,0,-64.54908,-4175.672
172,0.52512056,-0.0935238,0.4291641,2,0.08625669,0.053970482,-0.07687051,0,-51.815754,-4227.488
173,0.61137724,-0.03955332,0.3522936,2,0.03228506,0.051739868,-0.09429222,0,-40.156418,-4267.6445
174,0.6436623,0.01218655,0.2580014,2,0.042824544,0.009336605,-0.035463687,0,-30.19184,-4297.836
175,0.68648684,0.021523155,0.2225377,2,0.09678291,0.0061893617,-0.04198887,0,-25.074192,-4322.91
176,0.78326976,0.027712516,0.18054883,2,0.06894855,-0.039467413,-0.061087992,0,-18.342783,-4341.253
177,0.85221833,-0.0117548965,0.119460836,2,-0.09274447,0.05093635,-0.07725557,0,-13.090387,-4354.3438
178,0.75947386,0.039181452,0.042205267,2,-0.0101877125,0.05620167,0.008636217,0,-7.041903,-4361.3853
179,0.7492862,0.09538312,0.050841484,2,0.037230425,-0.025803218,-0.09883069,0,-11.939301,-4373.3247
180,0.7865166,0.06957991,-0.04798921,2,0.097251855,-0.08628017,-0.01322456,0,-8.559281,-4381.884
181,0.4272921,-4.9286963e-12,0.5270173,1,0.05388406,0.07075866,-0.09692582,0,-63.053574,-4444.9375
182,0.48117617,0.07075866,0.43009147,1,0.06680234,0.06974305,-0.07876536,0,-50.16467,-4495.1025
183,0.5479785,0.14050171,0.3513261,1,0.09076484,0.089212336,-0.099580504,0,-38.932762,-4534.035
184,0.63874334,0.22971404,0.2517456,1,0.007702951,0.06711588,-0.08128089,0,-26.422909,-4560.458
185,0.6464463,0.2968299,0.17046472,1,-0.023873592,-0.08021531,-0.08323273,0,-17.670746,-4578.129
186,0.6225727,0.2166146,0.08723199,1,-0.018448388,0.02142965,-0.005834839,0,-12.276837,-4590.4053
187,0.6041243,0.23804426,0.08139715,1,0.05276398,-0.033361528,-0.0013955581,0,-10.237686,-4600.643
188,0.6568883,0.20468274,0.08000159,1,-0.08410801,0.039940827,-0.09255924,0,-13.682805,-4614.326
189,0.5727803,0.24462357,-0.012557648,1,0.0186261,-0.01733425,-0.088513754,0,-6.29695,-4620.623
190,0.5914064,0.22728932,-0.1010714,1,0.052463718,-0.066388875,-0.04594014,0,87.51956,-4533.1035
191,0.4272921,-4.9286963e-12,0.5270173,2,0.09872737,0.09870007,-0.09343409,0,-64.54908,-4597.6523
192,0.52601945,0.09870007,0.4335832,2,0.09518405,-0.06461387,-0.061456013,0,-52.2304,-4649.883
193,0.6212035,0.034086198,0.37212718,2,0.07295817,-0.0068795686,-0.08908041,0,-41.425682,-4691.3086
194,0.69416165,0.02720663,0.28304678,2,0.09704779,0.025185226,-0.099551246,0,-30.34097,-4721.6494
195,0.79120946,0.052391857,0.18349554,2,0.007295541,-0.028222857,-0.08947793,0,-19.103086,-4740.7524
196,0.798505,0.024169,0.09401761,2,0.006575325,0.029452914,-0.09015058,0,-9.708597,-4750.461
197,0.80508035,0.053621914,0.0038670301,2,-0.0037163927,0.058603056,-0.07759018,0,-5.400068,-4755.8613
198,0.80136395,0.11222497,-0.07372315,2,0.019653324,0.060204584,-0.08910625,0,-13.428107,-4769.289
199,0.82101727,0.17242955,-0.1628294,2,0.025391484,-0.0564695,-0.09509051,0,-23.80905,-4793.0986
200,0.8464087,0.11596005,-0.2579199,2,-0.06062997,-0.036871646,0.02021105,0,-28.65714,-4821.7554
201,0.4272921,-4.9286963e-12,0.5270173,1,0.085961066,0.06555104,-0.095617935,0,-63.053574,-4884.809
202,0.51325315,0.06555104,0.43139935,1,0.09218785,0.07634664,-0.069801666,0,-49.859474,-4934.6685
203,0.605441,0.14189768,0.3615977,1,-0.07327355,0.08571377,-0.099317044,0,-39.468826,-4974.1377
204,0.53216743,0.22761145,0.26228064,1,-0.051988155,-0.090833865,0.003751093,0,-28.041489,-5002.1787
205,0.48017928,0.13677758,0.26603174,1,-0.05831069,0.06179917,-0.082298554,0,-33.43224,-5035.6113
206,0.4218686,0.19857675,0.1837332,1,-0.024172429,0.06311711,-0.08779079,0,-27.527327,-5063.1387
207,0.39769617,0.26169387,0.09594241,1,0.043938037,-0.07465781,0.038024295,0,-22.715448,-5085.854
208,0.4416342,0.18703605,0.1339667,1,0.06370389,0.083702914,-0.041361667,0,-23.619411,-5109.4736
209,0.5053381,0.27073896,0.09260503,1,0.08545976,0.028278874,-0.070951074,0,-13.562001,-5123.035
210,0.59079784,0.29901785,0.021653958,1,-0.09623052,0.042629875,-0.0015019586,0,97.645134,-5025.39
211,0.4272921,-4.9286963e-12,0.5270173,2,0.099281974,0.02481945,-0.08712159,0,-64.54908,-5089.9395
212,0.5265741,0.02481945,0.4398957,2,0.077140555,0.07451879,-0.09948289,0,-51.854218,-5141.7935
213,0.60371464,0.09933824,0.3404128,2,0.098806344,-0.053645976,-0.08201385,0,-40.531086,-5182.324
214,0.70252097,0.045692265,0.25839895,2,0.06944942,0.031422332,-0.07197133,0,-27.992851,-5210.3174
215,0.7719704,0.0771146,0.18642762,2,0.052443955,0.0522674,0.08423471,0,-20.3685,-5230.6855
216,0.8244144,0.129382,0.27066234,2,-0.040288534,-0.064633414,-0.09312287,0,-30.098814,-5260.7847
217,0.78412586,0.064748585,0.17753947,2,0.06397555,-0.04594618,-0.058371924,0,-18.964342,-5279.749
218,0.84810144,0.018802404,0.119167544,2,0.06852529,-0.05429883,-0.036136154,0,-12.987757,-5292.737
219,0.91662675,-0.035496425,0.083031386,2,-0.077166885,0.060525198,0.025000636,0,-14.749917,-5307.487
220,0.8394599,0.025028773,0.10803202,2,-0.0016736023,-0.058881417,-0.06590518,0,-11.770489,-5319.2573
221,0.4272921,-4.9286963e-12,0.5270173,1,0.027996875,0.08099258,-0.07156428,0,-63.053574,-5382.3105
222,0.45528898,0.08099258,0.455453,1,0.06866865,0.07043284,-0.082441896,0,-52.568333,-5434.879
223,0.5239576,0.15142542,0.3730111,1,0.06793109,0.06311517,-0.07577124,0,-40.864918,-5475.744
224,0.5918887,0.2145406,0.29723987,1,0.014181405,0.084894896,-0.09462014,0,-30.938753,-5506.6826
225,0.60607016,0.2994355,0.20261973,1,0.050717283,-0.055658568,0.002037216,0,-20.271141,-5526.954
226,0.65678746,0.24377693,0.20465694,1,0.007225894,0.09553822,-0.09226325,0,-21.970507,-5548.925
227,0.6640133,0.33931515,0.11239369,1,0.04441049,-0.021251937,-0.095819645,0,-13.518774,-5562.4434
228,0.7084238,0.3180632,0.016574048,1,-0.047072876,-0.029678697,-0.05645809,0,-11.116066,-5573.5596
229,0.6613509,0.2883845,-0.039884042,1,0.09183984,0.08917952,-0.07786514,0,-7.4091754,-5580.9688
230,0.75319076,0.377564,-0.117749184,1,0.04628948,-0.084294744,-0.020742266,0,79.17971,-5501.789
231,0.4272921,-4.9286963e-12,0.5270173,3,0.06781608,-0.09869864,-0.09594173,0,-63.053574,-5564.8423
232,0.4951082,-0.09869864,0.43107557,3,0.08631556,-0.08058628,-0.059599373,0,-48.71865,-5613.561
233,0.58142376,-0.17928492,0.3714762,3,0.01669523,-0.025984157,-0.064300194,0,-39.103935,-5652.665
234,0.59811896,-0.20526907,0.307176,3,0.03128775,-0.092313975,-0.092250034,0,-32.1457,-5684.8105
235,0.6294067,-0.29758304,0.21492596,3,-0.08304252,0.036593765,-0.09445606,0,-21.694183,-5706.505
236,0.5463642,-0.26098928,0.1204699,3,0.07685709,-0.05991909,-0.09755435,0,-13.751958,-5720.257
237,0.6232213,-0.32090837,0.02291555,3,0.041730143,-0.089675285,-0.043624744,0,-3.87493,-5724.132
238,0.66495144,-0.41058365,-0.020709194,3,-0.074142784,0.0051373397,0.045704003,0,-12.99088,-5737.123
239,0.59080863,-0.4054463,0.02499481,3,-0.04828462,-0.009932821,-0.01955892,0,-10.875725,-5747.9985
240,0.542524,-0.4153791,0.0054358896,3,0.09729835,0.019816007,-0.09615119,0,-12.901698,-5760.9004
241,0.4272921,-4.9286963e-12,0.5270173,1,0.08771085,0.095983565,-0.09466168,0,-63.053574,-5823.9536
242,0.51500297,0.095983565,0.4323556,1,0.047996722,0.08145061,-0.086921096,0,-48.557037,-5872.5107
243,0.56299967,0.17743418,0.34543452,1,0.03487597,0.09238912,-0.064066984,0,-36.83971,-5909.3506
244,0.59787565,0.2698233,0.28136754,1,0.070994236,0.017734317,-0.0871907,0,-28.298912,-5937.6494
245,0.6688699,0.28755763,0.19417684,1,-0.098005235,-0.059127215,-0.085123554,0,-20.640377,-5958.2896
246,0.5708647,0.22843042,0.109053284,1,-0.06533253,0.017983697,-0.022273045,0,-13.365513,-5971.6553
247,0.50553215,0.24641412,0.086780235,1,0.08305455,-0.096404396,-0.09275673,0,-13.901955,-5985.5566
248,0.5885867,0.15000972,-0.005976498,1,-0.039795306,0.08850211,0.07029718,0,-15.054258,-6000.6113
249,0.5487914,0.23851183,0.06432068,1,-0.042130835,0.04254488,0.04244323,0,-10.266582,-6010.878
250,0.5066606,0.2810567,0.106763914,1,-0.057764746,0.019305786,-0.04780275,0,85.69279,-5925.1846
251,0.4272921,-4.9286963e-12,0.5270173,2,0.08267942,-0.02450827,-0.09746563,0,-64.54908,-5989.7344
252,0.5099715,-0.02450827,0.42955166,2,0.098710544,0.023226224,-0.0805987,0,-51.887554,-6041.6216
253,0.60868204,-0.0012820456,0.34895295,2,0.08858791,0.08193354,-0.06477882,0,-39.79603,-6081.418
254,0.6972699,0.0806515,0.28417414,2,0.08701498,0.007162806,-0.09422127,0,-31.275082,-6112.693
255,0.7842849,0.08781431,0.18995288,2,0.014651083,0.094795726,0.011626815,0,-20.985807,-6133.6787
256,0.79893595,0.18261003,0.20157969,2,0.021716319,-0.04295335,-0.08532017,0,-27.19962,-6160.8784
257,0.82065225,0.1396567,0.11625952,2,-0.08620368,-0.027423358,-0.07813111,0,-18.288462,-6179.1665
258,0.73444855,0.11223333,0.038128413,2,0.094072774,-0.057348114,-0.08885569,0,-13.545143,-6192.712
259,0.8285213,0.05488522,-0.050727278,2,-0.07358504,-0.039793853,0.09031868,0,-7.999443,-6200.7114
260,0.7549363,0.015091367,0.0395914,2,-0.035400387,-0.08197921,-0.042697996,0,-6.1854415,-6206.897
261,0.4272921,-4.9286963e-12,0.5270173,1,0.0962698,0.058709104,-0.09951292,0,-63.053574,-6269.95
262,0.5235619,0.058709104,0.42750436,1,0.087743185,0.09906815,-0.09171851,0,-49.681393,-6319.632
263,0.61130506,0.15777725,0.33578587,1,-0.09281358,0.09032768,-0.09711577,0,-36.483868,-6356.1157
264,0.5184915,0.24810493,0.2386701,1,0.08990388,0.05573879,-0.09475157,0,-25.748816,-6381.8643
265,0.6083954,0.30384374,0.14391853,1,-0.011477291,-0.037017345,-0.087749295,0,-14.421442,-6396.2856
266,0.5969181,0.2668264,0.056169234,1,0.0050855526,0.008671201,-0.06210055,0,-6.530674,-6402.8164
267,0.60200363,0.2754976,-0.005931314,1,0.016003637,0.07702057,0.084311634,0,-2.52896,-6405.3457
268,0.61800724,0.35251814,0.07838032,1,0.03929689,0.009075585,-0.0075922604,0,-9.605148,-6414.9507
269,0.6573041,0.36159372,0.070788056,1,-0.06815909,0.08810929,-0.009415,0,-10.994768,-6425.9453
270,0.589145,0.449703,0.061373055,1,0.072412945,0.0198429,0.044261627,0,83.78412,-6342.161
271,0.4272921,-4.9286963e-12,0.5270173,3,0.08833652,-0.056376416,-0.028849602,0,-63.053574,-6405.215
272,0.51562864,-0.056376416,0.4981677,3,0.0044673975,-0.062153365,-0.09555864,0,-56.09296,-6461.3076
273,0.520096,-0.11852978,0.40260905,3,0.014602898,-0.09696537,-0.08236433,0,-44.878742,-6506.1865
274,0.5346989,-0.21549515,0.32024473,3,-0.0038392555,-0.04091375,-0.09889599,0,-33.758255,-6539.945
275,0.53085965,-0.2564089,0.22134873,3,0.031615663,-0.0842195,-0.06655841,0,-23.595728,-6563.5405
276,0.5624753,-0.3406284,0.15479031,3,-0.06689007,-0.040301934,0.045552507,0,-16.437399,-6579.978
277,0.49558526,-0.3809303,0.20034282,3,0.09750016,-0.0965848,-0.02526244,0,-23.997791,-6603.9756
278,0.5930854,-0.4775151,0.17508037,3,0.067023195,0.04785966,0.048572466,0,-24.942446,-6628.918
279,0.6601086,-0.42965543,0.22365284,3,-0.057381287,0.019984908,-0.074521676,0,-26.541319,-6655.4595
280,0.60272735,-0.40967053,0.14913116,3,0.028773224,0.09514288,0.05150194,0,-18.513554,-6673.973
281,0.4272921,-4.9286963e-12,0.5270173,1,0.0743955,0.02913015,-0.08957326,0,-63.053574,-6737.0264
282,0.5016876,0.02913015,0.43744403,1,0.09857119,0.08555754,-0.07658457,0,-52.382545,-6789.409
283,0.60025877,0.114687696,0.36085945,1,0.010582568,0.08420761,-0.092313506,0,-40.56603,-6829.975
284,0.61084133,0.1988953,0.26854596,1,0.04289931,0.069460474,-0.083946384,0,-28.715261,-6858.6904
285,0.65374064,0.2683558,0.18459958,1,0.01629677,-0.09105852,0.08536244,0,-19.484974,-6878.1753
286,0.6700374,0.17729726,0.269962,1,0.060322084,0.08175894,0.017650234,0,-30.469769,-6908.645
287,0.7303595,0.2590562,0.28761226,1,0.021623477,0.0034519385,-0.0863683,0,-31.841923,-6940.4873
288,0.751983,0.26250815,0.20124397,1,-0.04116323,0.03053462,0.035602003,0,-25.495804,-6965.983
289,0.7108198,0.29304278,0.23684597,1,-0.086509615,-0.00924636,0.0063425545,0,-26.158255,-6992.141
290,0.62431014,0.28379643,0.24318853,1,-0.016657807,0.046520323,0.02575897,0,75.50629,-6916.635
291,0.4272921,-4.9286963e-12,0.5270173,2,0.07945375,-0.0013655223,-0.07867683,0,-64.54908,-6981.184
292,0.5067459,-0.0013655223,0.44834048,2,0.034319486,-0.004882004,0.09154228,0,-53.573227,-7034.7573
293,0.54106534,-0.0062475265,0.5398828,2,0.040195573,0.05576133,-0.083839096,0,-59.879845,-7094.637
294,0.5812609,0.049513802,0.4560437,2,0.09189189,0.090568595,-0.076946825,0,-50.82069,-7145.458
295,0.6731528,0.14008239,0.37909687,2,0.02292478,-0.0724649,-0.099891804,0,-42.35891,-7187.8164
296,0.6960776,0.06761749,0.27920505,2,0.06499376,-0.0135707455,-0.09772581,0,-30.549543,-7218.366
297,0.7610713,0.054046746,0.18147925,2,0.087989815,0.09157134,0.05626799,0,-19.331636,-7237.6978
298,0.84906113,0.14561808,0.23774724,2,0.0069172336,-0.01801256,-0.0040443214,0,-28.308191,-7266.006
299,0.85597837,0.12760553,0.23370291,2,-0.059601758,-0.07372132,-0.009551527,0,-27.209154,-7293.2153
300,0.7963766,0.05388421,0.22415139,2,-0.04088719,0.04483294,0.049609438,0,-23.056557,-7316.2715
301,0.4272921,-4.9286963e-12,0.5270173,1,0.098827735,0.084121995,-0.09510859,0,-63.053574,-7379.325
302,0.5261198,0.084121995,0.4319087,1,0.07914747,0.09977932,-0.061620567,0,-48.847385,-7428.173
303,0.6052673,0.18390131,0.37028813,1,-0.09711948,0.09731616,-0.099476196,0,-38.809788,-7466.9824
304,0.50814784,0.28121746,0.27081195,1,0.002842945,-0.024265327,0.068869226,0,-28.65811,-7495.6406
305,0.5109908,0.25695214,0.33968118,1,0.007733706,-0.026670743,-0.08246566,0,-35.377827,-7531.0186
306,0.5187245,0.2302814,0.2572155,1,0.09234726,0.06328255,-0.099886194,0,-27.861483,-7558.88
307,0.61107177,0.29356396,0.1573293,1,0.028391484,-0.09632016,-0.06919306,0,-15.784967,-7574.665
308,0.63946325,0.19724381,0.08813625,1,-0.034348026,0.038808405,-0.08884113,0,-14.101129,-7588.7656
309,0.60511523,0.23605222,-0.00070488453,1,-0.045543656,0.026163321,0.079858765,0,-6.4155927,-7595.1816
310,0.55957156,0.26221552,0.07915388,1,-0.045570444,-0.0076240203,0.041997023,0,90.34212,-7504.8394
311,0.4272921,-4.9286963e-12,0.5270173,2,-0.008733315,0.013632124,-0.096909605,0,-64.54908,-7569.3887
312,0.4185588,0.013632124,0.43010768,2,0.06865716,0.09840038,-0.08312247,0,-57.50442,-7626.8926
313,0.48721597,0.1120325,0.34698522,2,0.07408721,-0.040444314,-0.02127293,0,-48.03997,-7674.9326
314,0.5613032,0.07158819,0.3257123,2,0.0862258,-0.022029832,-0.088535815,0,-41.010918,-7715.9434
315,0.647529,0.049558356,0.23717648,2,0.09000379,0.0356335,-0.093845055,0,-28.62798,-7744.5713
316,0.7375328,0.08519186,0.14333142,2,0.034405626,0.028091906,-0.069800906,0,-17.805534,-7762.377
317,0.77193844,0.11328377,0.07353052,2,0.08717805,-0.03774167,-0.08897399,0,-13.793984,-7776.171
318,0.8591165,0.0755421,-0.015443474,2,-0.027836783,0.004854388,0.059290458,0,-9.7158985,-7785.8867
319,0.8312797,0.08039649,0.043846983,2,0.012081986,0.0138970185,0.0075985505,0,-9.677072,-7795.564
320,0.8433617,0.094293505,0.051445533,2,-0.030817023,-0.02030642,0.04102625,0,-11.583671,-7807.1475
321,0.4272921,-4.9286963e-12,0.5270173,1,0.039701764,0.09582528,-0.08189542,0,-63.053574,-7870.201
322,0.46699387,0.09582528,0.44512188,1,0.060995314,0.07725301,-0.08097822,0,-50.74559,-7920.947
323,0.5279892,0.17307828,0.36414367,1,-0.038158197,0.08747606,-0.09758324,0,-39.229492,-7960.1763
324,0.489831,0.26055434,0.26656044,1,0.08617526,0.0024916162,-0.094125375,0,-29.111448,-7989.288
325,0.5760063,0.26304597,0.17243506,1,0.029134221,0.04982881,-0.0576846,0,-17.797514,-8007.0854
326,0.6051405,0.31287476,0.11475046,1,-0.09241022,0.008539754,-0.099344335,0,-11.558483,-8018.644
327,0.5127303,0.32141453,0.015406124,1,0.0025833624,-0.049938317,-0.09293213,0,-9.1169815,-8027.7607
328,0.5153137,0.2714762,-0.077526,1,0.04807532,0.054083534,0.048424274,0,-11.830328,-8039.5913
329,0.563389,0.32555974,-0.02910173,1,0.08387532,-0.021942023,0.06126034,0,-5.329706,-8044.921
330,0.6472643,0.30361772,0.03215861,1,0.09871181,-0.09521828,0.089679524,0,94.27184,-7950.649
331,0.4272921,-4.9286963e-12,0.5270173,3,0.05925883,-0.038830962,-0.08921822,0,-63.053574,-8013.7026
332,0.48655093,-0.038830962,0.43779907,3,0.061319504,-0.08953327,-0.09306673,0,-52.22528,-8065.9277
333,0.54787046,-0.12836424,0.34473234,3,-0.040189836,-0.07506347,-0.082308695,0,-38.86087,-8104.789
334,0.5076806,-0.2034277,0.26242363,3,-0.04869143,-0.013158095,0.08697068,0,-29.447454,-8134.2363
335,0.45898917,-0.2165858,0.34939432,3,0.05833003,-0.0829155,-0.08682955,0,-38.589947,-8172.826
336,0.5173192,-0.2995013,0.26256478,3,-0.011549233,-0.010213734,-0.08984131,0,-27.527555,-8200.354
337,0.50576997,-0.30971503,0.17272347,3,-0.01970902,-0.07429605,-0.02447138,0,-19.699512,-8220.053
338,0.48606095,-0.3840111,0.1482521,3,0.092913516,0.04679549,0.034858014,0,-20.498453,-8240.552
339,0.5789745,-0.3372156,0.18311012,3,-0.05718242,-0.031439528,-0.072989576,0,-18.803293,-8259.355
340,0.52179205,-0.36865515,0.11012054,3,-0.086642414,0.06806762,-0.06910237,0,-15.151419,-8274.506
341,0.4272921,-4.9286963e-12,0.5270173,1,0.062033795,0.09739306,-0.09177134,0,-63.053574,-8337.56
342,0.4893259,0.09739306,0.43524596,1,0.07337837,0.08256327,-0.07720235,0,-49.268387,-8386.828
343,0.56270427,0.17995633,0.3580436,1,-0.03273008,-0.006982563,0.021979459,0,-37.946896,-8424.775
344,0.52997416,0.17297377,0.38002306,1,0.09444231,0.05166454,-0.09854747,0,-40.676384,-8465.451
345,0.6244165,0.22463831,0.2814756,1,-0.04194326,-0.017373487,-0.09985578,0,-29.241076,-8494.692
346,0.5824732,0.20726483,0.18161982,1,-0.03391697,0.09014049,-0.098442785,0,-20.467722,-8515.16
347,0.54855627,0.2974053,0.08317704,1,0.052080363,-0.010562316,-0.095212005,0,-9.783462,-8524.943
348,0.6006366,0.286843,-0.012034968,1,-0.01838863,0.06870196,-0.0076342453,0,-1.7842438,-8526.728
349,0.582248,0.35554495,-0.019669212,1,0.034508556,-0.031748064,-0.04652247,0,-6.154067,-8532.882
350,0.61675656,0.3237969,-0.06619168,1,0.046488203,0.05723477,-0.050638437,0,92.769226,-8440.112
351,0.4272921,-4.9286963e-12,0.5270173,3,-0.016149707,-0.09349291,-0.089333676,0,-63.053574,-8503.166
352,0.4111424,-0.09349291,0.4376836,3,0.09873985,-0.07782406,-0.06047555,0,-51.949913,-8555.115
353,0.5098823,-0.17131698,0.37720805,3,0.004268596,-0.07184057,-0.05824861,0,-40.86153,-8595.978
354,0.51415086,-0.24315755,0.31895944,3,0.09059429,-0.09360903,-0.0748318,0,-33.516605,-8629.494
355,0.60474515,-0.33676657,0.24412765,3,0.021502892,-0.024466313,-0.09436574,0,-24.69263,-8654.187
356,0.62624806,-0.36123288,0.14976192,3,-0.03446818,0.025103891,-0.009375419,0,-16.391172,-8670.578
357,0.5917799,-0.33612898,0.14038649,3,0.081052996,0.02348011,-0.060590666,0,-14.51938,-8685.097
358,0.6728329,-0.31264886,0.07979582,3,-0.06841116,-0.07776844,-0.09593828,0,-10.877498,-8695.975
359,0.60442173,-0.3904173,-0.016142458,3,-0.083994105,0.08008463,-0.06298435,0,-9.195334,-8705.17
360,0.52042764,-0.3103327,-0.079126805,3,-0.038494393,-0.0053679184,-0.021789283,0,-11.26924,-8716.439
361,0.4272921,-4.9286963e-12,0.5270173,1,0.055949274,0.045677155,-0.08328328,0,-63.053574,-8779.492
362,0.48324138,0.045677155,0.44373402,1,0.050506797,0.08835393,-0.07884594,0,-52.460705,-8831.953
363,0.53374815,0.13403109,0.36488807,1,0.052479375,0.08678614,-0.09556984,0,-40.62983,-8872.583
364,0.58622754,0.22081724,0.26931822,1,-0.04350859,0.07123691,-0.06924802,0,-28.105497,-8900.688
365,0.54271895,0.29205415,0.2000702,1,0.04639222,-0.017098213,-0.08206068,0,-20.826029,-8921.515
366,0.58911115,0.27495593,0.11800952,1,-0.0038406313,0.022123663,-0.021327542,0,-12.112812,-8933.627
367,0.5852705,0.2970796,0.09668198,1,-0.033131666,0.05018227,-0.087599866,0,-9.784116,-8943.411
368,0.55213886,0.34726188,0.009082116,1,0.0792137,0.07569178,0.05440029,0,-6.787385,-8950.199
369,0.63135254,0.42295367,0.063482404,1,0.07428197,0.007610228,0.047678962,0,-14.188233,-8964.387
370,0.70563453,0.4305639,0.111161366,1,-0.093867004,-0.077313796,0.032625474,0,79.859886,-8884.527
371,0.4272921,-4.9286963e-12,0.5270173,3,0.08361915,-0.085372835,-0.084554315,0,-63.053574,-8947.58
372,0.5109112,-0.085372835,0.44246298,3,-0.02096874,0.051085632,0.006022025,0,-49.97751,-8997.559
373,0.4899425,-0.034287203,0.44848502,3,0.06344785,-0.09989467,-0.08938589,0,-53.278023,-9050.836
374,0.5533903,-0.13418187,0.35909912,3,0.06797497,-0.07745149,0.023023512,0,-39.827164,-9090.663
375,0.6213653,-0.21163335,0.38212264,3,-0.04412037,-0.055819545,-0.0688228,0,-39.278854,-9129.942
376,0.57724494,-0.2674529,0.31329983,3,0.04836937,-0.07945425,-0.074251175,0,-31.580675,-9161.523
377,0.6256143,-0.34690714,0.23904866,3,0.04049812,0.0064463704,-0.016207207,0,-24.495026,-9186.019
378,0.6661124,-0.34046078,0.22284146,3,-0.015309093,-0.080787204,-0.05611513,0,-23.593695,-9209.611
379,0.6508033,-0.421248,0.16672632,3,-0.022972919,-0.051311783,0.08218338,0,-21.231983,-9230.844
380,0.6278304,-0.47255978,0.24890971,3,0.005530251,-0.05047967,0.096343264,0,-30.415037,-9261.259
381,0.4272921,-4.9286963e-12,0.5270173,1,0.061421707,0.08277114,-0.09709441,0,-63.053574,-9324.3125
382,0.4887138,0.08277114,0.42992288,1,-0.010124777,0.0831604,-0.09166173,0,-49.437504,-9373.75
383,0.47858903,0.16593154,0.33826116,1,-0.0026701253,0.07311736,-0.019769156,0,-38.35826,-9412.108
384,0.4759189,0.2390489,0.318492,1,0.09458734,0.09106876,-0.07476448,0,-34.72007,-9446.828
385,0.5705062,0.33011764,0.2437275,1,-0.051466316,-0.040634062,-0.057497863,0,-24.734602,-9471.5625
386,0.51903987,0.28948358,0.18622965,1,0.034490146,-0.07587449,-0.090998456,0,-20.333868,-9491.896
387,0.55353004,0.21360908,0.09523119,1,-0.011752439,0.045863144,-0.083555065,0,-13.671808,-9505.568
388,0.5417776,0.25947222,0.011676125,1,-0.050954398,0.015538623,0.085633926,0,-7.189355,-9512.758
389,0.4908232,0.27501085,0.09731005,1,-0.046559796,-0.0048035085,-0.047174662,0,-14.836873,-9527.595
390,0.4442634,0.27020735,0.05013539,1,0.027524477,0.030523753,0.006351768,0,83.37019,-9444.225
391,0.4272921,-4.9286963e-12,0.5270173,2,0.08141035,0.035381228,-0.06297081,0,-64.54908,-9508.773
392,0.50870246,0.035381228,0.46404648,2,0.075870946,0.01850527,-0.087745644,0,-54.90403,-9563.678
393,0.5845734,0.053886496,0.37630084,2,-0.017328275,0.06869406,-0.052361533,0,-43.693787,-9607.371
394,0.5672451,0.12258056,0.32393932,2,0.09174089,-0.025190528,-0.0674908,0,-41.729786,-9649.102
395,0.65898603,0.097390026,0.2564485,2,0.06998991,-0.016166018,-0.09630068,0,-30.844059,-9679.945
396,0.72897595,0.08122401,0.16014783,2,0.019713666,-0.019470705,-0.055185415,0,-19.310383,-9699.256
397,0.7486896,0.061753303,0.104962416,2,0.04678873,0.06287495,-0.07893638,0,-13.214892,-9712.471
398,0.79547834,0.12462825,0.026026033,2,-0.044172116,-0.07447054,0.012291729,0,-12.739701,-9725.21
399,0.75130624,0.05015771,0.038317762,2,0.08761718,-0.028422114,0.0076116514,0,-7.9719076,-9733.182
400,0.8389234,0.021735597,0.045929413,2,0.04015189,0.031896845,0.04274757,0,-6.400763,-9739.583
401,0.4272921,-4.9286963e-12,0.5270173,1,0.020926265,0.07178582,-0.08933062,0,-63.053574,-9802.637
402,0.44821838,0.07178582,0.43768668,1,0.049238864,0.07465782,-0.077400334,0,-51.64194,-9854.278
403,0.49745724,0.14644364,0.36028636,1,-0.07344991,-0.08575061,-0.0922542,0,-40.484665,-9894.763
404,0.42400733,0.060693026,0.26803216,1,0.038312953,0.09868496,-0.08828482,0,-40.01031,-9934.773
405,0.46232027,0.15937799,0.17974734,1,0.050350323,0.06969262,-0.09964928,0,-26.653212,-9961.427
406,0.5126706,0.2290706,0.08009806,1,-0.034342103,-0.0686492,-0.04648381,0,-13.810544,-9975.237
407,0.47832847,0.1604214,0.03361425,1,0.016592367,-0.007968616,0.048663344,0,-18.819159,-9994.057
408,0.49492082,0.15245278,0.082277596,1,0.08098281,0.061363153,-0.034906246,0,-19.89508,-10013.951
409,0.57590365,0.21381593,0.04737135,1,-0.09918447,-0.049037457,0.08307752,0,-10.1254015,-10024.077
410,0.4767192,0.16477847,0.13044888,1,-0.046604574,-0.0031031934,0.053882137,0,77.52781,-9946.549
411,0.4272921,-4.9286963e-12,0.5270173,2,0.09596796,0.097404316,-0.09420516,0,-64.54908,-10011.098
412,0.52326006,0.097404316,0.43281212,2,0.09252871,0.08809548,-0.091146275,0,-52.287567,-10063.386
413,0.61578876,0.18549979,0.34166586,2,0.0816638,-0.091851555,-0.09807438,0,-43.020866,-10106.406
414,0.69745255,0.09364823,0.24359149,2,0.09004496,-0.02650266,-0.060612764,0,-28.039757,-10134.446
415,0.7874975,0.06714557,0.18297872,2,0.0009821996,-0.011286478,-0.093008004,0,-19.531015,-10153.978
416,0.78847975,0.055859093,0.089970715,2,-0.09136424,0.0562216,-0.011417484,0,-10.652551,-10164.63
417,0.6971155,0.11208069,0.07855323,2,-0.041790742,-0.09391963,0.042560197,0,-17.122477,-10181.752
418,0.65532476,0.018161066,0.12111343,2,0.006881238,-0.061164077,0.022981908,0,-18.955002,-10200.707
419,0.662206,-0.04300301,0.14409533,2,0.027724396,0.06955275,-0.077946246,0,-20.396057,-10221.104
420,0.6899304,0.026549738,0.066149086,2,-0.019838497,0.08163296,-0.05420619,0,-13.113319,-10234.217
421,0.4272921,-4.9286963e-12,0.5270173,1,0.07373578,0.061920617,-0.09940787,0,-63.053574,-10297.2705
422,0.5010279,0.061920617,0.42760944,1,0.0479094,0.04705284,-0.0810303,0,-49.932667,-10347.203
423,0.54893726,0.10897346,0.34657913,1,0.046004638,0.0067742663,-0.05372443,0,-39.901836,-10387.1045
424,0.5949419,0.11574773,0.2928547,1,-0.05314383,0.090871766,-0.099019594,0,-34.603233,-10421.708
425,0.5417981,0.2066195,0.19383511,1,-0.00041824832,0.07785408,-0.07867708,0,-22.288883,-10443.997
426,0.54137987,0.2844736,0.11515803,1,0.045753215,0.013747157,-0.075011134,0,-13.0149,-10457.012
427,0.5871331,0.29822075,0.040146895,1,-0.05945884,-0.06030634,0.029587008,0,-4.2195926,-10461.231
428,0.52767426,0.23791441,0.0697339,1,0.013822267,-0.012169033,-0.054541793,0,-11.810358,-10473.042
429,0.5414965,0.22574538,0.01519211,1,0.088471524,-0.050665952,-0.09239243,0,-9.574555,-10482.616
430,0.62996805,0.17507944,-0.07720032,1,0.004197541,-0.07987056,-0.010269113,0,85.0123,-10397.604
431,0.4272921,-4.9286963e-12,0.5270173,2,0.06581416,0.0067261527,-0.085244894,0,-64.54908,-10462.153
432,0.49310628,0.0067261527,0.4417724,2,0.095550306,0.007812727,-0.09557634,0,-53.795155,-10515.948
433,0.5886566,0.01453888,0.34619606,2,0.09833027,0.043532852,-0.09061418,0,-40.586834,-10556.535
434,0.68698686,0.058071733,0.2555819,2,0.094722524,0.04686625,-0.08817667,0,-28.542318,-10585.077
435,0.7817094,0.104937986,0.16740522,2,0.056857225,-0.052922785,-0.08578319,0,-19.842136,-10604.92
436,0.8385666,0.0520152,0.08162203,2,-0.07500006,-0.036953796,-0.06428053,0,-10.41879,-10615.338
437,0.76356655,0.015061405,0.017341495,2,0.09310648,0.010858859,0.02418959,0,-4.3069367,-10619.6455
438,0.856673,0.025920264,0.041531086,2,-0.07337905,0.07688417,-0.060035795,0,-7.4890046,-10627.134
439,0.78329396,0.10280444,-0.018504709,2,-0.012052097,-0.04404731,0.01707454,0,-10.578406,-10637.713
440,0.77124184,0.058757126,-0.0014301687,2,-0.03272573,-0.00060536864,-0.09712776,0,-6.5433,-10644.256
441,0.4272921,-4.9286963e-12,0.5270173,1,-0.025520707,0.09907859,-0.09528699,0,-63.053574,-10707.31
442,0.4017714,0.09907859,0.4317303,1,0.0895885,0.072583295,-0.082849264,0,-51.580524,-10758.89
443,0.4913599,0.17166188,0.34888104,1,0.05721527,0.08329193,-0.07054739,0,-38.728714,-10797.619
444,0.54857516,0.2549538,0.27833366,1,-0.036287397,-0.06440339,-0.09375032,0,-28.660656,-10826.279
445,0.51228774,0.19055042,0.18458334,1,0.09640756,0.07581364,-0.050686095,0,-23.182682,-10849.462
446,0.60869527,0.26636407,0.13389724,1,-0.03305571,0.08887557,-0.032920443,0,-13.8330965,-10863.295
447,0.57563955,0.35523963,0.1009768,1,0.011693436,0.005715976,-0.054134086,0,-11.764847,-10875.061
448,0.58733296,0.3609556,0.046842717,1,0.09203888,0.023816051,0.060247608,0,-7.7911987,-10882.852
449,0.67937183,0.38477165,0.107090324,1,-0.075140335,-0.034006294,-0.098529674,0,-15.796979,-10898.648
450,0.6042315,0.35076535,0.00856065,1,0.008666445,-0.057265203,-0.09629369,0,94.834435,-10803.813
451,0.4272921,-4.9286963e-12,0.5270173,3,0.07415734,-0.0822979,-0.09798056,0,-63.053574,-10866.867
452,0.50144947,-0.0822979,0.42903674,3,-0.01073433,-0.094168775,-0.09065976,0,-49.109974,-10915.978
453,0.49071515,-0.17646667,0.33837697,3,0.06810413,-0.058204614,-0.063949615,0,-37.643414,-10953.621
454,0.5588193,-0.2346713,0.27442735,3,0.04638551,-0.0391358,-0.09835212,0,-28.508606,-10982.129
455,0.6052048,-0.2738071,0.17607524,3,-0.092623234,-0.064505704,-0.09817727,0,-17.808887,-10999.938
456,0.5125816,-0.3383128,0.077897966,3,0.03736089,0.0047530956,-0.06396172,0,-12.3198805,-11012.258
457,0.5499425,-0.33355972,0.013936244,3,-0.05807523,-0.026706537,-0.0042261924,0,-6.1856523,-11018.443
458,0.49186727,-0.36026627,0.009710051,3,0.088321656,0.017016647,-0.029391281,0,-12.417326,-11030.861
459,0.58018893,-0.34324962,-0.01968123,3,0.03820191,-0.080585115,-0.021507556,0,-5.1481633,-11036.01
460,0.61839086,-0.42383474,-0.041188784,3,-0.09478009,-0.099901006,0.0018446471,0,-13.179445,-11049.188
461,0.4272921,-4.9286963e-12,0.5270173,1,0.011940421,0.08112694,-0.09705784,0,-63.053574,-11112.242
462,0.43923253,0.08112694,0.42995945,1,0.0721608,0.07248662,-0.08982287,0,-50.854374,-11163.097
463,0.5113933,0.15361357,0.3401366,1,0.08428415,0.07502156,-0.081121385,0,-38.075325,-11201.172
464,0.59567744,0.22863513,0.2590152,1,-0.047116727,0.03878805,-0.0736858,0,-26.870152,-11228.042
465,0.54856074,0.26742318,0.18532941,1,-0.003020935,0.07895835,-0.06693939,0,-19.507496,-11247.55
466,0.5455398,0.34638155,0.118390016,1,0.038425777,-0.029293856,0.09046794,0,-13.832338,-11261.382
467,0.5839656,0.31708768,0.20885795,1,0.0015911933,0.06710816,-0.03666286,0,-21.016834,-11282.398
468,0.5855568,0.38419583,0.17219509,1,-0.04203724,-0.082545966,-0.09955825,0,-19.222044,-11301.621
469,0.54351956,0.30164987,0.07263684,1,0.045957845,-0.04824558,-0.070012555,0,-9.202649,-11310.823
470,0.5894774,0.2534043,0.0026242882,1,-0.098738715,-0.06623777,-0.098534144,0,95.21589,-11215.607
471,0.4272921,-4.9286963e-12,0.5270173,2,0.03171127,0.06383486,-0.094790906,0,-64.54908,-11280.156
472,0.4590034,0.06383486,0.4322264,2,-0.049648147,-0.0009867519,-0.04943461,0,-55.42321,-11335.58
473,0.40935525,0.062848106,0.3827918,2,0.081956744,0.06639064,-0.09987979,0,-55.052956,-11390.633
474,0.491312,0.12923875,0.28291202,2,0.092322186,0.054137338,0.003126889,0,-43.821247,-11434.454
475,0.5836342,0.18337609,0.2860389,2,0.08612779,-0.0420149,-0.059007563,0,-40.28141,-11474.735
476,0.669762,0.14136119,0.22703135,2,0.03877881,-0.041732784,-0.04250432,0,-29.746958,-11504.482
477,0.7085408,0.099628404,0.18452702,2,0.05993694,0.06501164,-0.07180532,0,-22.878119,-11527.361
478,0.76847774,0.16464004,0.112721704,2,0.060276266,-0.054417145,0.0012967746,0,-20.20054,-11547.562
479,0.828754,0.11022289,0.11401848,2,0.055381753,-0.05927757,-0.086715914,0,-16.1171,-11563.679
480,0.8841358,0.05094532,0.027302563,2,-0.08300527,0.093097106,0.00020900046,0,-10.207685,-11573.887
481,0.4272921,-4.9286963e-12,0.5270173,1,0.07377865,0.090477385,-0.08951139,0,-63.053574,-11636.939
482,0.50107074,0.090477385,0.4375059,1,0.016661048,0.067892745,-0.09484296,0,-49.50739,-11686.447
483,0.5177318,0.15837014,0.34266293,1,0.09270309,0.07442763,-0.09191235,0,-37.979595,-11724.427
484,0.6104349,0.23279777,0.25075057,1,-0.086898014,0.02888645,-0.042040348,0,-25.980932,-11750.407
485,0.52353686,0.2616842,0.20871022,1,0.067675374,-0.021215446,0.023693258,0,-22.555416,-11772.963
486,0.5912122,0.24046877,0.23240349,1,0.04729079,-0.038240083,-0.04624245,0,-24.006786,-11796.97
487,0.638503,0.2022287,0.18616104,1,-0.06341043,0.031103665,-0.03275897,0,-21.377008,-11818.347
488,0.57509255,0.23333237,0.15340208,1,-0.006618509,-0.04693126,-0.021674745,0,-16.910692,-11835.258
489,0.56847405,0.1864011,0.13172734,1,0.08451167,0.087963544,-0.057352763,0,-17.677864,-11852.936
490,0.6529857,0.27436465,0.07437457,1,-0.0009525589,0.0089772055,0.065772735,0,90.51515,-11762.42
491,0.4272921,-4.9286963e-12,0.5270173,2,0.06705966,-0.046141498,-0.087595224,0,-64.54908,-11826.969
492,0.49435177,-0.046141498,0.43942207,2,0.08284843,0.032232296,-0.069603495,0,-53.72538,-11880.694
493,0.5772002,-0.013909202,0.36981857,2,0.075137064,0.005391882,-0.085305505,0,-43.197105,-11923.892
494,0.65233725,-0.00851732,0.28451306,2,0.06333589,0.04059394,-0.07378762,0,-32.06626,-11955.958
495,0.71567315,0.03207662,0.21072543,2,0.043619692,0.0014805936,-0.09876055,0,-22.922726,-11978.881
496,0.75929284,0.033557214,0.111964874,2,0.005967211,-0.0033373816,-0.046074126,0,-12.377113,-11991.258
497,0.76526004,0.030219832,0.065890744,2,0.0673048,0.08556616,0.024215393,0,-8.038466,-11999.296
498,0.83256483,0.11578599,0.09010614,2,-0.01375182,-0.06453276,-0.062543415,0,-15.028631,-12014.324
499,0.818813,0.051253237,0.027562723,2,-0.086000144,-0.046770968,-0.009300563,0,-6.1159854,-12020.44
500,0.7328129,0.0044822693,0.01826216,2,0.0696601,0.067868784,0.047050044,0,-6.976896,-12027.418
501,0.4272921,-4.9286963e-12,0.5270173,1,0.093878746,0.068130344,-0.096229665,0,-63.053574,-12090.471
502,0.52117085,0.068130344,0.43078762,1,0.064796,0.096614115,-0.0835025,0,-49.553562,-12140.024
503,0.5859668,0.16474447,0.34728512,1,0.015509922,-0.008558932,-0.06607085,0,-37.295837,-12177.32
504,0.6014767,0.15618554,0.28121427,1,-0.06086988,0.07964794,-0.09732302,0,-31.585794,-12208.906
505,0.54060686,0.23583348,0.18389124,1,0.025394717,0.0072423774,-0.06583711,0,-20.361944,-12229.268
506,0.5660016,0.24307586,0.11805413,1,0.073412396,0.052248202,-0.09272827,0,-13.539952,-12242.808
507,0.639414,0.29532406,0.025325857,1,-0.06596924,0.029599631,-0.06803505,0,-4.7082124,-12247.516
508,0.5734448,0.3249237,-0.042709194,1,0.0017113049,0.06636542,-0.045104284,0,-5.6128836,-12253.129
509,0.5751561,0.39128911,-0.08781348,1,0.048177768,-0.0686127,0.051634572,0,-12.908188,-12266.037
510,0.6233339,0.32267642,-0.03617891,1,-0.057085477,-0.005486776,0.053800963,0,95.1342,-12170.902
511,0.4272921,-4.9286963e-12,0.5270173,3,0.04973359,-0.06336034,-0.086188585,0,-63.053574,-12233.956
512,0.4770257,-0.06336034,0.4408287,3,-0.031636104,-0.07701769,-0.08515024,0,-51.521935,-12285.479
513,0.44538957,-0.14037803,0.35567847,3,-0.069208324,-0.05794329,-0.042669207,0,-41.93933,-12327.418
514,0.37618124,-0.19832131,0.31300926,3,0.0006890952,-0.07585117,0.0007999016,0,-39.80053,-12367.218
515,0.37687033,-0.27417248,0.31380916,3,0.0916,-0.046358366,-0.06316857,0,-38.59146,-12405.81
516,0.46847034,-0.32053086,0.25064057,3,0.020933036,-0.07039193,-0.07791657,0,-28.37997,-12434.189
517,0.48940337,-0.39092278,0.17272401,3,0.052258622,0.022623535,-0.0947198,0,-22.43483,-12456.624
518,0.541662,-0.36829925,0.07800421,3,-0.029957697,0.026563426,-0.09248374,0,-11.896542,-12468.5205
519,0.51170427,-0.3417358,-0.014479525,3,0.09261625,-0.0053815804,0.04515343,0,-9.873031,-12478.394
520,0.6043205,-0.3471174,0.030673906,3,-0.07325852,0.067719266,0.0042499304,0,-5.638797,-12484.033
521,0.4272921,-4.9286963e-12,0.5270173,1,-0.040942777,0.091513164,-0.086916156,0,-63.053574,-12547.086
522,0.38634932,0.091513164,0.44010115,1,0.07034429,0.05480384,-0.07293968,0,-53.17917,-12600.266
523,0.45669362,0.146317,0.36716145,1,0.097182035,0.01633936,-0.099296294,0,-42.303986,-12642.569
524,0.5538757,0.16265637,0.26786515,1,-0.029027792,0.09608435,-0.014304922,0,-30.45365,-12673.023
525,0.52484787,0.25874072,0.25356022,1,0.054311316,0.002512856,-0.09812212,0,-26.766201,-12699.789
526,0.5791592,0.26125357,0.1554381,1,0.07130197,0.030818587,-0.092761315,0,-16.154451,-12715.943
527,0.6504612,0.29207215,0.06267678,1,-0.04836006,-0.0068777353,-0.04185569,0,-8.085518,-12724.029
528,0.60210115,0.2851944,0.02082109,1,-0.0058522136,0.024936605,0.01201279,0,-2.5634718,-12726.593
529,0.5962489,0.310131,0.03283388,1,0.01417089,0.07972962,-0.06802496,0,-3.456547,-12730.049
530,0.6104198,0.38986063,-0.03519108,1,0.0757172,0.010314987,-0.028233219,0,90.29334,-12639.756
531,0.4272921,-4.9286963e-12,0.5270173,3,0.06748494,-0.06636215,-0.09363305,0,-63.053574,-12702.81
532,0.49477705,-0.06636215,0.43338424,3,0.055329636,-0.08080231,-0.09210467,0,-50.34684,-12753.156
533,0.5501067,-0.14716446,0.34127957,3,0.049690403,-0.095713854,0.0008616467,0,-37.725296,-12790.882
534,0.5997971,-0.24287832,0.3421412,3,-0.07529609,-0.04816995,0.0031345098,0,-34.687683,-12825.569
535,0.524501,-0.29104826,0.34527573,3,-0.07953172,0.05466223,-0.03790064,0,-35.354713,-12860.924
536,0.4449693,-0.23638603,0.30737507,3,0.051517416,-0.062572025,-0.09916091,0,-35.008667,-12895.933
537,0.49648672,-0.29895806,0.20821416,3,0.030775407,-0.059549786,-0.07049042,0,-23.25279,-12919.186
538,0.52726215,-0.35850784,0.13772374,3,-0.021967145,-0.045109045,0.08348789,0,-16.637846,-12935.823
539,0.505295,-0.40361688,0.22121164,3,-0.06512927,0.023680529,0.004663059,0,-26.199255,-12962.022
540,0.4401657,-0.37993634,0.2258747,3,-0.04914467,-0.07466808,0.02104186,0,-28.80212,-12990.825
541,0.4272921,-4.9286963e-12,0.5270173,1,0.08293605,0.08554546,-0.06354713,0,-63.053574,-13053.879
542,0.51022816,0.08554546,0.46347016,1,0.020283548,0.09711419,-0.0640395,0,-51.851166,-13105.7295
543,0.5305117,0.18265966,0.39943066,1,0.084062465,0.00038138163,-0.089516126,0,-42.2069,-13147.937
544,0.61457413,0.18304104,0.30991453,1,0.031482123,0.09024579,-0.082491644,0,-33.157024,-13181.094
545,0.64605623,0.27328682,0.2274229,1,-0.0922594,0.033755727,-0.08208228,0,-23.357212,-13204.451
546,0.5537968,0.30704254,0.14534062,1,0.09201342,-0.057212897,-0.032305073,0,-15.267033,-13219.718
547,0.64581025,0.24982965,0.113035545,1,-0.09676928,0.031402633,-0.09486106,0,-13.188129,-13232.906
548,0.549041,0.2812323,0.018174484,1,0.0377643,-0.05577931,-0.044360206,0,-5.726573,-13238.633
549,0.5868053,0.22545299,-0.026185721,1,-0.03996712,-0.048385374,0.0007231107,0,-8.010651,-13246.643
550,0.54683816,0.17706761,-0.02546261,1,-0.045396745,-0.012699836,0.060464803,0,86.36662,-13160.276
551,0.4272921,-4.9286963e-12,0.5270173,2,0.08128357,-0.09443534,-0.099468894,0,-64.54908,-13224.825
552,0.5085757,-0.09443534,0.4275484,2,0.07037632,-0.009774572,-0.09850569,0,-52.59694,-13277.423
553,0.578952,-0.104209915,0.32904273,2,0.09082329,0.07880363,-0.078655906,0,-40.98671,-13318.409
554,0.6697753,-0.025406286,0.25038683,2,0.09287854,0.067902714,-0.06850819,0,-28.336817,-13346.746
555,0.7626538,0.042496428,0.18187864,2,-0.009922218,0.038417336,-0.08711685,0,-19.047447,-13365.793
556,0.7527316,0.08091377,0.09476179,2,0.055903915,0.020796105,0.08541215,0,-13.32709,-13379.121
557,0.80863553,0.10170987,0.18017393,2,0.016296275,-0.06996914,-0.07651105,0,-20.707998,-13399.828
558,0.8249318,0.031740732,0.103662886,2,0.043969728,0.046430543,-0.096501134,0,-11.124326,-13410.953
559,0.86890155,0.078171276,0.0071617514,2,0.051629685,0.0046315985,-0.09361579,0,-10.444837,-13421.397
560,0.9205312,0.08280288,-0.08645404,2,-0.066423364,0.009359751,-0.0550466,0,-16.987757,-13438.386
561,0.4272921,-4.9286963e-12,0.5270173,1,0.025741117,0.0649352,0.021679731,0,-63.053574,-13501.439
562,0.45303324,0.0649352,0.54869705,1,0.02361601,0.023241352,-0.09825774,0,-61.475456,-13562.914
563,0.47664925,0.08817655,0.4504393,1,0.07227901,0.056573424,-0.087254986,0,-51.28159,-13614.196
564,0.54892826,0.14474997,0.36318433,1,0.063501716,0.08612736,-0.09684185,0,-39.826344,-13654.022
565,0.61243,0.23087734,0.2663425,1,0.08060395,0.032776825,-0.08693557,0,-27.544647,-13681.567
566,0.69303393,0.26365417,0.17940691,1,-0.08551085,0.0033479873,0.098278224,0,-20.533672,-13702.101
567,0.6075231,0.26700217,0.27768514,1,-0.09125472,0.055220276,-0.05097322,0,-27.974003,-13730.075
568,0.5162684,0.32222244,0.22671191,1,-0.08690792,-0.05298806,0.01414982,0,-24.269964,-13754.345
569,0.42936045,0.2692344,0.24086173,1,0.05662629,-0.02329662,0.05728864,0,-29.678068,-13784.023
570,0.48598674,0.24593776,0.29815036,1,-0.069720514,-0.089679785,-0.09952079,0,67.624794,-13716.398
571,0.4272921,-4.9286963e-12,0.5270173,2,0.06452511,0.017181026,-0.08111917,0,-64.54908,-13780.947
572,0.49181724,0.017181026,0.44589812,2,0.089954674,0.020722823,-0.079963475,0,-54.23071,-13835.178
573,0.5817719,0.03790385,0.36593464,2,0.029071933,0.080826685,-0.045150254,0,-42.774803,-13877.953
574,0.61084384,0.11873053,0.3207844,2,0.08901766,-0.06845409,-0.09189872,0,-39.087032,-13917.04
575,0.6998615,0.050276443,0.22888568,2,0.060932886,0.025690172,-0.020936321,0,-25.484129,-13942.523
576,0.7607944,0.07596661,0.20794936,2,0.070665695,0.02379973,-0.09265998,0,-22.483536,-13965.008
577,0.8314601,0.099766344,0.115289375,2,-0.015753359,-0.00694186,-0.09356961,0,-15.567499,-13980.575
578,0.81570673,0.09282448,0.021719769,2,0.026209591,-0.043802224,0.058325026,0,-9.661694,-13990.236
579,0.8419163,0.049022257,0.08004479,2,0.04715598,0.016581593,-0.024679247,0,-10.279751,-14000.517
580,0.8890723,0.06560385,0.055365544,2,0.055362828,0.00030013715,0.054935034,0,-12.370563,-14012.887
581,0.4272921,-4.9286963e-12,0.5270173,1,0.0603283,0.09905322,-0.098682046,0,-63.053574,-14075.94
582,0.4876204,0.09905322,0.42833525,1,0.070388466,0.07349665,-0.08718842,0,-48.629196,-14124.57
583,0.5580089,0.17254987,0.34114683,1,-0.011470713,0.05847795,-0.08792975,0,-36.658962,-14161.229
584,0.5465382,0.23102783,0.25321707,1,-0.02219959,-0.049844526,-0.08214284,0,-26.783243,-14188.012
585,0.5243386,0.18118331,0.17107424,1,0.06194759,0.034496102,-0.09447142,0,-22.160427,-14210.172
586,0.5862862,0.2156794,0.076602824,1,0.033395573,0.096667744,0.092264235,0,-11.474331,-14221.646
587,0.6196818,0.31234714,0.16886705,1,-0.009681429,0.087973505,-0.079956055,0,-17.045794,-14238.692
588,0.6100004,0.40032065,0.088911,1,-0.06651244,0.025494067,-0.07101226,0,-13.442248,-14252.135
589,0.5434879,0.42581472,0.017898738,1,-0.089784786,-0.014605884,0.07197465,0,-13.908029,-14266.043
590,0.4537031,0.41120884,0.08987339,1,0.071075715,0.09492424,0.020450793,0,79.54336,-14186.499
591,0.4272921,-4.9286963e-12,0.5270173,3,0.06348308,-0.07846258,-0.098280735,0,-63.053574,-14249.553
592,0.4907752,-0.07846258,0.42873657,3,0.070672624,-0.039876107,-0.09568828,0,-49.479687,-14299.032
593,0.5614478,-0.11833869,0.33304828,3,-0.029764814,-0.09959737,-0.09846712,0,-38.132435,-14337.165
594,0.53168297,-0.21793607,0.23458117,3,0.083522044,-0.035345055,-0.093467735,0,-25.774025,-14362.938
595,0.615205,-0.25328112,0.14111343,3,0.054418825,-0.074312046,-0.090689436,0,-14.942171,-14377.881
596,0.6696238,-0.32759315,0.050423995,3,-0.07232896,-0.016487299,-0.02863151,0,-9.028527,-14386.909
597,0.5972948,-0.34408045,0.021792484,3,0.009993983,0.0911335,0.01382788,0,-4.9247494,-14391.834
598,0.6072888,-0.25294694,0.035620365,3,0.042262066,-0.040995132,0.017282853,0,-5.9463663,-14397.78
599,0.64955086,-0.29394206,0.05290322,3,-0.050546337,-0.07263122,-0.042703673,0,-7.273743,-14405.055
600,0.5990045,-0.36657327,0.010199547,3,-0.08868988,-0.011338046,0.05078719,0,-6.735741,-14411.79
601,0.4272921,-4.9286963e-12,0.5270173,1,0.041316044,0.094638616,-0.09749115,0,-63.053574,-14474.844
602,0.46860814,0.094638616,0.42952615,1,0.02245184,0.09567727,-0.095117465,0,-49.389256,-14524.232
603,0.49106,0.19031589,0.3344087,1,0.039234247,-0.017681805,-0.08627145,0,-36.841244,-14561.074
604,0.53029424,0.17263408,0.24813725,1,0.008316986,-0.03852837,-0.058604456,0,-28.749449,-14589.823
605,0.53861123,0.13410571,0.18953279,1,0.02029637,0.09647198,-0.08616921,0,-25.925312,-14615.749
606,0.5589076,0.23057769,0.10336357,1,0.046163097,0.085089765,-0.08916134,0,-13.111854,-14628.86
607,0.6050707,0.31566745,0.014202237,1,-0.082581654,0.08227572,-0.08837474,0,-2.1745899,-14631.035
608,0.5224891,0.39794317,-0.074172504,1,0.09940784,-0.06696768,0.036320828,0,-14.526655,-14645.562
609,0.6218969,0.33097547,-0.037851676,1,0.07134508,0.074043505,-0.022391926,0,-5.358827,-14650.921
610,0.693242,0.405019,-0.060243603,1,-0.0008795116,-0.08814407,0.053995065,0,84.71852,-14566.202
611,0.4272921,-4.9286963e-12,0.5270173,3,0.09700849,-0.09285152,-0.080262996,0,-63.053574,-14629.256
612,0.5243006,-0.09285152,0.4467543,3,-0.026543207,-0.09102405,-0.08521425,0,-49.82272,-14679.078
613,0.49775738,-0.18387556,0.36154005,3,-0.04156623,0.06867503,0.022928411,0,-39.32552,-14718.404
614,0.45619115,-0.115200534,0.38446847,3,0.020711917,-0.08393011,-0.08226964,0,-45.016422,-14763.42
615,0.47690308,-0.19913065,0.30219883,3,0.052429494,-0.050351925,-0.08121593,0,-34.1543,-14797.574
616,0.5293326,-0.24948257,0.2209829,3,0.041017346,-0.030115467,-0.08270211,0,-23.744335,-14821.318
617,0.57034993,-0.27959803,0.13828078,3,-0.028814923,-0.060152646,-0.087698534,0,-14.288788,-14835.607
618,0.541535,-0.33975068,0.050582245,3,-0.036507823,-0.078834586,-0.032682013,0,-8.693006,-14844.301
619,0.5050272,-0.41858527,0.017900232,3,-0.046145488,0.037943777,0.014867411,0,-15.297949,-14859.599
620,0.45888168,-0.3806415,0.032767642,3,0.058876865,0.071287304,0.02486603,0,-16.580456,-14876.18
621,0.4272921,-4.9286963e-12,0.5270173,1,-0.04169391,0.09743072,-0.09848438,0,-63.053574,-14939.232
622,0.38559818,0.09743072,0.4285329,1,0.09858738,0.02613281,-0.0853825,0,-52.02335,-14991.256
623,0.48418558,0.12356353,0.3431504,1,0.08265822,0.07840365,-0.0757487,0,-40.285854,-15031.542
624,0.5668438,0.20196718,0.2674017,1,-0.022779394,-0.086625844,-0.0531913,0,-28.672886,-15060.215
625,0.5440644,0.115341336,0.21421039,1,0.01572859,-0.04469414,0.055140123,0,-28.829449,-15089.044
626,0.559793,0.070647195,0.26935053,1,0.06889533,0.09741456,-0.09307769,0,-35.604637,-15124.648
627,0.62868834,0.16806176,0.17627284,1,0.027677132,-0.020304414,0.016010005,0,-22.20424,-15146.853
628,0.65636545,0.14775735,0.19228284,1,-0.03517324,-0.033708155,0.09958494,0,-25.16497,-15172.018
629,0.6211922,0.114049196,0.2918678,1,-0.025293231,-0.018488914,-0.0574833,0,-34.671837,-15206.689
630,0.595899,0.09556028,0.23438449,1,-0.09544099,-0.07681231,0.020758022,0,68.89558,-15137.794
631,0.4272921,-4.9286963e-12,0.5270173,2,0.08231852,0.074125744,-0.079464175,0,-64.54908,-15202.343
632,0.50961065,0.074125744,0.44755313,2,-0.016700976,-0.09146942,0.017501373,0,-53.863197,-15256.206
633,0.49290967,-0.017343678,0.4650545,2,-0.07368804,0.021817885,-0.089012586,0,-55.7567,-15311.963
634,0.41922164,0.0044742078,0.37604192,2,0.07122023,0.06434755,-0.013079734,0,-53.518192,-15365.481
635,0.49044186,0.06882176,0.3629622,2,0.09803063,0.07576882,-0.09157541,0,-48.19795,-15413.679
636,0.5884725,0.14459059,0.27138677,2,0.048023347,0.094823055,-0.084212646,0,-37.323063,-15451.002
637,0.6364958,0.23941365,0.18717413,2,0.05443434,-0.04374831,-0.09190062,0,-34.508938,-15485.511
638,0.6909302,0.19566533,0.09527351,2,-0.009433545,-0.0631122,0.06332101,0,-24.343004,-15509.8545
639,0.6814966,0.13255313,0.15859452,2,0.0037428932,0.08103165,0.025806444,0,-23.825533,-15533.68
640,0.6852395,0.21358478,0.18440096,2,0.08522952,0.00012809111,0.07080094,0,-30.461803,-15564.142
641,0.4272921,-4.9286963e-12,0.5270173,1,0.04289016,0.085310645,-0.08785356,0,-63.053574,-15627.195
642,0.47018227,0.085310645,0.43916374,1,0.042141195,0.08459307,-0.09625847,0,-50.577564,-15677.772
643,0.51232344,0.16990373,0.34290528,1,0.087782286,0.0388975,-0.09777674,0,-37.70892,-15715.481
644,0.6001057,0.20880122,0.24512854,1,-0.031021021,0.04886268,-0.07976197,0,-26.154392,-15741.636
645,0.5690847,0.2576639,0.16536658,1,0.02343698,0.028695203,-0.037038565,0,-17.347681,-15758.983
646,0.59252167,0.2863591,0.12832801,1,0.070772536,-0.041663364,-0.055661526,0,-12.926747,-15771.91
647,0.6632942,0.24469574,0.07266648,1,-0.070312284,0.072584115,0.056879833,0,-11.110866,-15783.021
648,0.59298193,0.31727985,0.12954631,1,-0.07147564,-0.06643951,-0.09621748,0,-13.088198,-15796.109
649,0.5215063,0.25084034,0.03332883,1,0.025117125,0.06837379,-0.08347165,0,-9.843143,-15805.952
650,0.5466234,0.31921414,-0.050142817,1,-0.00859753,0.01870267,-0.025223639,0,92.42864,-15713.523
651,0.4272921,-4.9286963e-12,0.5270173,3,0.015489868,-0.08749318,-0.080654696,0,-63.053574,-15776.577
652,0.44278198,-0.08749318,0.4463626,3,0.08140425,-0.089058325,-0.093480565,0,-51.876415,-15828.454
653,0.52418625,-0.1765515,0.35288206,3,-0.006954239,-0.09753674,-0.09652122,0,-38.146168,-15866.6
654,0.517232,-0.27408826,0.25636083,3,0.05437172,-0.004823389,-0.09888774,0,-27.063414,-15893.663
655,0.5716037,-0.27891165,0.15747309,3,0.0007227427,-0.048293266,-0.06888714,0,-16.139654,-15909.803
656,0.5723265,-0.3272049,0.08858595,3,0.00011659166,-0.08668321,-0.04972314,0,-9.671298,-15919.475
657,0.57244307,-0.41388813,0.03886281,3,0.06412994,0.019937286,0.02911061,0,-12.345123,-15931.819
658,0.636573,-0.39395085,0.06797342,3,0.00901257,0.075061895,0.016174892,0,-12.159247,-15943.979
659,0.6455856,-0.31888896,0.08414831,3,-0.095963076,0.012031924,0.07694626,0,-9.754884,-15953.733
660,0.54962254,-0.30685705,0.16109458,3,-0.011105339,-0.06650853,0.06987418,0,-16.892712,-15970.626
661,0.4272921,-4.9286963e-12,0.5270173,1,-0.015717378,0.086990565,-0.060095236,0,-63.053574,-16033.68
662,0.41157472,0.086990565,0.46692204,1,-0.037630267,0.08933053,-0.09682299,0,-54.67114,-16088.352
663,0.37394446,0.17632109,0.37009907,1,0.09207204,0.08342948,-0.09199758,0,-45.096664,-16133.447
664,0.4660165,0.25975057,0.2781015,1,0.05543357,0.06323542,-0.09621424,0,-31.130701,-16164.578
665,0.52145004,0.322986,0.18188727,1,0.049610116,0.0124307675,-0.047584772,0,-19.945284,-16184.523
666,0.5710602,0.33541676,0.1343025,1,-0.06646359,-0.07573486,-0.06814738,0,-14.187678,-16198.711
667,0.5045966,0.2596819,0.06615511,1,0.057452504,-0.045697987,-0.0751312,0,-12.289778,-16211.001
668,0.5620491,0.21398392,-0.008976087,1,-0.028563423,0.088112205,0.04346099,0,-9.444369,-16220.445
669,0.53348565,0.30209613,0.034484904,1,0.05020402,0.09766921,0.07048053,0,-7.4951744,-16227.94
670,0.5836897,0.39976534,0.10496543,1,0.036405504,-0.06237861,-0.024856258,0,85.42712,-16142.514
671,0.4272921,-4.9286963e-12,0.5270173,3,0.08433943,-0.0192437,-0.09932519,0,-63.053574,-16205.567
672,0.51163155,-0.0192437,0.42769212,3,-0.08426107,-0.08258654,-0.09722134,0,-51.918556,-16257.485
673,0.4273705,-0.101830244,0.33047077,3,0.059420884,-0.08860012,-0.046995275,0,-42.223587,-16299.709
674,0.48679137,-0.19043037,0.2834755,3,-0.029637948,0.044661116,-0.09910858,0,-32.431473,-16332.141
675,0.45715344,-0.14576925,0.18436691,3,0.045246776,-0.09316561,-0.07209868,0,-27.961302,-16360.103
676,0.5024002,-0.23893487,0.11226823,3,-0.09277839,-0.06645958,-0.059213474,0,-16.08068,-16376.183
677,0.40962183,-0.30539447,0.053054757,3,0.084893025,-0.09050646,-0.055143505,0,-19.770626,-16395.953
678,0.49451485,-0.39590093,-0.002088748,3,0.042754713,-0.05714212,0.06897755,0,-14.257794,-16410.21
679,0.5372696,-0.45304304,0.0668888,3,0.039071057,0.04900728,0.014933233,0,-17.841354,-16428.053
680,0.5763407,-0.40403575,0.08182204,3,-0.07865129,0.08246816,0.030723754,0,-13.445462,-16441.498
681,0.4272921,-4.9286963e-12,0.5270173,1,0.08050094,0.08140435,-0.09057631,0,-63.053574,-16504.55
682,0.50779307,0.08140435,0.43644097,1,0.092485264,0.05478232,-0.07285458,0,-49.675636,-16554.227
683,0.6002783,0.13618667,0.3635864,1,0.008669005,0.044848785,-0.08701589,0,-39.87856,-16594.105
684,0.60894734,0.18103546,0.2765705,1,0.02075261,-0.036168,-0.09709257,0,-30.120403,-16624.227
685,0.62969995,0.14486745,0.17947793,1,-0.007570764,0.042221926,-0.07685755,0,-23.908268,-16648.135
686,0.6221292,0.18708938,0.10262038,1,-0.019352503,0.054000076,0.01671928,0,-15.417345,-16663.553
687,0.6027767,0.24108946,0.11933966,1,0.09349858,0.03168381,0.002136841,0,-13.311693,-16676.863
688,0.6962753,0.27277327,0.1214765,1,0.036052357,-0.016801268,-0.09680361,0,-15.737459,-16692.602
689,0.73232764,0.255972,0.024672888,1,0.07667765,0.01739773,0.02395015,0,-14.162561,-16706.764
690,0.80900526,0.27336973,0.04862304,1,-0.09261529,-0.06099253,0.091434695,0,78.37673,-16628.387
691,0.4272921,-4.9286963e-12,0.5270173,2,0.06736089,0.082586505,-0.07624201,0,-64.54908,-16692.936
692,0.494653,0.082586505,0.4507753,2,0.06658384,-0.040747996,-0.09347532,0,-55.06866,-16748.004
693,0.56123686,0.041838508,0.35729998,2,0.09833986,0.07561,-0.07726592,0,-43.176567,-16791.182
694,0.6595767,0.11744851,0.28003407,2,0.024733657,-0.041793898,-0.08536185,0,-33.45623,-16824.637
695,0.6843104,0.07565461,0.19467221,2,-0.072521836,0.037191007,-0.06242354,0,-23.875717,-16848.514
696,0.6117885,0.112845615,0.13224867,2,0.095379725,-0.097189486,-0.081523016,0,-25.621752,-16874.135
697,0.7071682,0.015656129,0.050725654,2,0.03720195,0.060504463,-0.04358845,0,-10.693899,-16884.828
698,0.74437016,0.076160595,0.0071372055,2,0.037210684,0.062106818,-0.07697092,0,-9.45836,-16894.287
699,0.78158087,0.13826741,-0.06983371,2,-0.064927034,-0.03918727,-0.06868377,0,-15.599324,-16909.887
700,0.7166538,0.099080145,-0.13851748,2,0.012626339,0.052251726,0.024631292,0,-18.96063,-16928.848
701,0.4272921,-4.9286963e-12,0.5270173,1,0.025026081,0.09359104,-0.077393726,0,-63.053574,-16991.9
702,0.4523182,0.09359104,0.44962358,1,0.08456765,0.0759436,-0.094894856,0,-51.630997,-17043.531
703,0.53688586,0.16953464,0.35472873,1,0.035665803,0.06932369,-0.09553094,0,-38.319324,-17081.852
704,0.57255167,0.23885833,0.25919777,1,-0.0020385727,0.047758337,-0.09303891,0,-26.772224,-17108.623
705,0.57051307,0.28661665,0.16615885,1,-0.08669518,-0.011233566,0.02687505,0,-16.928486,-17125.55
706,0.48381788,0.27538309,0.1930339,1,0.08485921,0.080338866,0.011093461,0,-22.66415,-17148.215
707,0.56867707,0.35572195,0.20412737,1,0.031196862,-0.0199752,-0.08474638,0,-21.390196,-17169.605
708,0.5998739,0.33574677,0.11938099,1,0.02248098,-0.088256165,-0.0392028,0,-12.461808,-17182.068
709,0.62235487,0.2474906,0.08017819,1,0.08947771,0.08801097,0.047239065,0,-9.841503,-17191.91
710,0.7118326,0.33550155,0.12741725,1,0.030719174,0.017045822,-0.031444635,0,82.6789,-17109.23
711,0.4272921,-4.9286963e-12,0.5270173,3,0.014048129,-0.0923728,-0.061738975,0,-63.053574,-17172.283
712,0.44134024,-0.0923728,0.46527833,3,0.08107866,-0.07525272,-0.098633885,0,-53.36346,-17225.646
713,0.5224189,-0.16762552,0.36664444,3,0.097608104,-0.04505594,-0.07209498,0,-39.745438,-17265.393
714,0.620027,-0.21268146,0.29454947,3,0.018326616,-0.021189595,-0.073847026,0,-30.787172,-17296.18
715,0.63835365,-0.23387106,0.22070244,3,0.0028553137,-0.057484932,-0.09130698,0,-23.356714,-17319.537
716,0.64120895,-0.291356,0.12939546,3,-0.0023759264,-0.020312956,-0.076440796,0,-13.60738,-17333.145
717,0.63883305,-0.31166896,0.05295466,3,0.07395424,-0.05717135,-0.049317807,0,-6.6696057,-17339.812
718,0.7127873,-0.3688403,0.003636852,3,-0.014329298,-0.022568624,0.021324147,0,-13.218615,-17353.031
719,0.69845796,-0.39140892,0.024960998,3,-0.05916593,-0.09670745,-0.004506727,0,-13.664775,-17366.697
720,0.639292,-0.48811638,0.02045427,3,-0.071334526,-0.06617737,0.028062707,0,-19.326149,-17386.023
721,0.4272921,-4.9286963e-12,0.5270173,1,0.091224484,0.06812308,-0.083290264,0,-63.053574,-17449.076
722,0.5185166,0.06812308,0.44372702,1,-0.00021571558,0.04431574,0.028867358,0,-50.72476,-17499.8
723,0.5183009,0.11243882,0.47259438,1,0.07863609,0.019529184,-0.08673608,0,-51.497513,-17551.299
724,0.596937,0.131968,0.3858583,1,0.029482007,0.097209565,-0.09716573,0,-42.086906,-17593.387
725,0.626419,0.22917756,0.28869256,1,-0.0012749963,0.038707223,-0.07960591,0,-29.84245,-17623.229
726,0.625144,0.2678848,0.20908666,1,-0.06075285,0.006963967,-0.0963208,0,-21.302778,-17644.531
727,0.56439114,0.27484876,0.112765856,1,0.048065957,0.051386744,-0.06616072,0,-12.089962,-17656.621
728,0.6124571,0.3262355,0.046605133,1,-0.030576523,0.0058600805,0.0007294337,0,-5.4913735,-17662.113
729,0.58188057,0.3320956,0.047334567,1,0.046131898,-0.043313272,-0.049973223,0,-5.9991684,-17668.111
730,0.6280125,0.28878233,-0.0026386566,1,0.04759685,0.048966173,0.078879654,0,96.97098,-17571.14
731,0.4272921,-4.9286963e-12,0.5270173,2,0.06911733,0.012099172,-0.08907019,0,-64.54908,-17635.69
732,0.49640945,0.012099172,0.4379471,2,0.085914746,0.04981337,-0.09763533,0,-53.30209,-17688.992
733,0.5823242,0.061912544,0.34031177,2,0.08620461,-0.058360897,-0.080175206,0,-40.869064,-17729.861
734,0.6685288,0.003551647,0.26013654,2,0.027427169,0.05298091,-0.029553099,0,-29.149326,-17759.01
735,0.695956,0.056532558,0.23058344,2,0.033439755,0.031610876,-0.09331183,0,-25.921,-17784.932
736,0.72939575,0.08814344,0.13727161,2,-0.09109823,0.091254696,-0.08021935,0,-17.77575,-17802.707
737,0.6382975,0.17939813,0.057052262,2,-0.0075363806,0.02193699,0.051584,0,-24.816599,-17827.523
738,0.63076115,0.20133513,0.10863626,2,-0.0380539,-0.08340519,-0.090854675,0,-28.45689,-17855.98
739,0.5927073,0.11792994,0.017781585,2,0.05264018,-0.09516479,0.09974621,0,-23.915253,-17879.895
740,0.6453475,0.022765152,0.1175278,2,0.09901267,0.069447346,-0.09160085,0,-19.557209,-17899.453
741,0.4272921,-4.9286963e-12,0.5270173,1,0.09876743,0.04401543,-0.068727426,0,-63.053574,-17962.506
742,0.5260595,0.04401543,0.45828986,1,0.027857557,-0.016692227,-0.06807966,0,-53.01178,-18015.518
743,0.55391705,0.027323203,0.3902102,1,0.05517,0.033067312,0.0005718864,0,-47.8268,-18063.344
744,0.60908705,0.060390517,0.3907821,1,-0.07038103,0.07151042,-0.060732067,0,-45.84822,-18109.193
745,0.538706,0.13190094,0.33005002,1,0.0007128891,0.09863916,-0.09845449,0,-37.542946,-18146.736
746,0.5394189,0.2305401,0.23159553,1,0.05460053,0.054233216,-0.08338758,0,-24.926142,-18171.662
747,0.5940194,0.28477332,0.14820795,1,0.05270047,0.058379848,-0.06978523,0,-14.910807,-18186.572
748,0.6467199,0.34315318,0.07842272,1,-0.070234664,-0.022613272,-0.08696349,0,-10.09706,-18196.67
749,0.5764852,0.3205399,-0.008540772,1,0.01606102,-0.0028571875,0.048309907,0,-3.2369394,-18199.906
750,0.5925462,0.3176827,0.039769135,1,-0.05080503,0.006475615,0.028210888,0,95.58432,-18104.322
751,0.4272921,-4.9286963e-12,0.5270173,3,0.08489043,-0.090612754,-0.08622251,0,-63.053574,-18167.377
752,0.51218253,-0.090612754,0.4407948,3,0.0056247674,-0.08974104,-0.09230089,0,-49.583767,-18216.96
753,0.5178073,-0.18035379,0.3484939,3,0.07969062,-0.045584913,-0.0896298,0,-37.75167,-18254.713
754,0.59749794,-0.22593871,0.2588641,3,-0.02218157,-0.08001751,-0.08080981,0,-26.92619,-18281.639
755,0.57531637,-0.3059562,0.1780543,3,0.08864136,0.05528849,-0.075541675,0,-17.985577,-18299.625
756,0.6639577,-0.25066772,0.10251263,3,-0.09844012,-0.07677679,-0.08881517,0,-13.051092,-18312.676
757,0.5655176,-0.3274445,0.01369746,3,0.07166847,0.046150375,0.039817657,0,-4.6150374,-18317.291
758,0.63718605,-0.2812941,0.053515118,3,0.028899848,-0.021819036,-0.07295102,0,-6.779808,-18324.07
759,0.6660859,-0.30311313,-0.019435901,3,0.013055222,-0.07873674,0.005805686,0,-6.8954973,-18330.967
760,0.6791411,-0.38184988,-0.013630215,3,0.04312181,0.027705278,0.09079314,0,-11.466689,-18342.434
761,0.4272921,-4.9286963e-12,0.5270173,1,0.07960801,0.032103352,-0.08619621,0,-63.053574,-18405.486
762,0.50690013,0.032103352,0.44082108,1,0.07281375,0.044334013,0.0006305369,0,-52.4175,-18457.904
763,0.5797139,0.07643737,0.4414516,1,0.03197271,0.07309448,-0.08983361,0,-49.52487,-18507.43
764,0.6116866,0.14953184,0.351618,1,-0.035787392,0.0258447,-0.085974365,0,-38.26388,-18545.693
765,0.5758992,0.17537653,0.26564363,1,0.08059967,0.061226618,0.030947868,0,-29.441196,-18575.135
766,0.65649885,0.23660316,0.2965915,1,-0.09743153,-0.03352579,0.0045957454,0,-30.850897,-18605.984
767,0.5590673,0.20307736,0.30118725,1,0.07939454,-0.067619905,-0.09343997,0,-31.903488,-18637.889
768,0.6384618,0.13545746,0.20774728,1,0.09209473,0.02026528,-0.060935896,0,-26.77919,-18664.668
769,0.73055655,0.15572274,0.14681138,1,-0.02359246,-0.024280911,-0.09499349,0,-24.375093,-18689.043
770,0.7069641,0.13144183,0.051817894,1,-0.016036114,-0.0042610387,0.07619781,0,79.3752,-18609.668
771,0.4272921,-4.9286963e-12,0.5270173,2,0.096993126,0.09018751,-0.060836274,0,-64.54908,-18674.217
772,0.52428526,0.09018751,0.466181,2,0.021834912,0.049712773,-0.026710486,0,-54.906933,-18729.123
773,0.54612017,0.13990028,0.43947053,2,0.06541086,-0.08014197,-0.06883815,0,-52.646126,-18781.77
774,0.611531,0.059758313,0.37063238,2,0.09529798,0.070092455,-0.068384185,0,-42.00714,-18823.777
775,0.706829,0.12985078,0.30224818,2,-0.0113046765,-0.0050976323,-0.09614862,0,-34.19006,-18857.967
776,0.69552433,0.12475314,0.20609957,2,-0.006926125,0.03652142,0.041291162,0,-26.25939,-18884.227
777,0.6885982,0.16127455,0.24739073,2,0.018434739,-0.034481883,-0.07907493,0,-31.562958,-18915.79
778,0.707033,0.12679267,0.1683158,2,-0.025503958,-0.038286,-0.08260881,0,-23.032469,-18938.822
779,0.68152905,0.08850667,0.08570699,2,-0.07541235,0.07780024,-0.013021298,0,-17.092245,-18955.914
780,0.6061167,0.16630691,0.07268569,2,0.010306386,0.032286208,-0.017164202,0,-26.557848,-18982.473
781,0.4272921,-4.9286963e-12,0.5270173,1,0.07420718,0.05907656,-0.09951638,0,-63.053574,-19045.525
782,0.5014993,0.05907656,0.4275009,1,-0.051518045,0.027219066,-0.090625025,0,-50.050323,-19095.576
783,0.44998124,0.08629563,0.3368759,1,0.060532384,0.06773869,-0.07367436,0,-42.62166,-19138.197
784,0.5105136,0.15403432,0.26320153,1,0.09599262,0.09995423,-0.095315345,0,-31.398863,-19169.596
785,0.6065062,0.25398856,0.1678862,1,0.020823391,0.04363672,-0.08097538,0,-17.419863,-19187.016
786,0.62732965,0.29762527,0.086910814,1,-0.010131752,-0.022005616,0.0061921403,0,-9.113746,-19196.13
787,0.6171979,0.27561966,0.093102954,1,0.07805626,0.07257256,-0.086435325,0,-9.7766695,-19205.906
788,0.69525415,0.34819221,0.006667629,1,-0.020665513,-0.06014416,-0.046563886,0,-10.6959305,-19216.602
789,0.6745886,0.28804806,-0.039896257,1,-0.008970792,0.043947235,0.08849969,0,-8.542845,-19225.145
790,0.6656178,0.3319953,0.04860343,1,0.09710486,-0.047573313,-0.036648948,0,91.229774,-19133.916
791,0.4272921,-4.9286963e-12,0.5270173,3,0.08157232,-0.07113499,-0.09855697,0,-63.053574,-19196.969
792,0.5088644,-0.07113499,0.42846033,3,0.06999592,-0.06496849,-0.09756525,0,-49.422985,-19246.393
793,0.57886034,-0.13610348,0.33089507,3,0.012463399,0.010315242,-0.08344189,0,-36.98655,-19283.379
794,0.59132373,-0.12578824,0.24745318,3,-0.09622923,-0.052252308,-0.0009846635,0,-30.27509,-19313.654
795,0.4950945,-0.17804055,0.24646851,3,0.023162235,-0.09262125,-0.088082656,0,-29.432297,-19343.086
796,0.5182567,-0.2706618,0.15838586,3,0.048828773,-0.008928722,-0.09829152,0,-18.063438,-19361.15
797,0.5670855,-0.27959052,0.06009434,3,0.08183508,-0.096361704,0.057923365,0,-7.1492953,-19368.299
798,0.6489206,-0.3759522,0.1180177,3,-0.024983032,-0.07315692,-0.04421094,0,-14.862752,-19383.162
799,0.62393755,-0.44910914,0.07380676,3,0.04660546,-0.027587414,-0.006114197,0,-16.808918,-19399.97
800,0.670543,-0.47669655,0.06769256,3,-0.07295686,0.029406616,0.017684374,0,-20.194124,-19420.164
801,0.4272921,-4.9286963e-12,0.5270173,1,0.09425819,0.07124422,-0.07232356,0,-63.053574,-19483.219
802,0.5215503,0.07124422,0.45469373,1,0.06316405,0.09445605,-0.095286146,0,-51.50048,-19534.719
803,0.58471435,0.16570026,0.3594076,1,0.025177756,0.08490838,-0.088817455,0,-38.398426,-19573.117
804,0.60989213,0.25060862,0.27059016,1,-0.0339622,-0.034199007,-0.095419236,0,-27.523878,-19600.64
805,0.57592994,0.21640962,0.17517093,1,0.007739437,0.08550362,-0.07779883,0,-19.55801,-19620.2
806,0.58366936,0.30191326,0.0973721,1,-0.050076243,-0.05034482,-0.048788253,0,-9.875057,-19630.074
807,0.5335931,0.25156844,0.048583847,1,0.062916,-0.021274773,0.086052515,0,-9.547714,-19639.621
808,0.5965091,0.23029366,0.13463636,1,0.09137358,0.010766946,0.086130604,0,-15.165128,-19654.787
809,0.68788266,0.24106061,0.22076696,1,0.021323632,0.07778976,-0.030252216,0,-24.48168,-19679.27
810,0.7092063,0.31885037,0.19051474,1,0.06371094,0.009725447,-0.036484804,0,77.95976,-19601.309
811,0.4272921,-4.9286963e-12,0.5270173,3,0.07451156,-0.088338956,-0.06761937,0,-63.053574,-19664.363
812,0.50180364,-0.088338956,0.4593979,3,-0.039178595,-0.07772692,-0.09764009,0,-51.525658,-19715.889
813,0.46262503,-0.16606587,0.3617578,3,0.018824773,-0.09885275,-0.09105675,0,-40.94862,-19756.836
814,0.4814498,-0.26491863,0.27070105,3,0.07461782,0.07256223,-0.093271695,0,-29.75969,-19786.596
815,0.55606765,-0.1923564,0.17742935,3,-0.019313859,-0.0956904,-0.07666048,0,-21.21282,-19807.809
816,0.5367538,-0.28804678,0.10076887,3,0.032012828,-0.017431172,-0.008753211,0,-11.957146,-19819.766
817,0.5687666,-0.30547795,0.09201566,3,0.062598504,0.02422311,0.017893728,0,-9.732634,-19829.5
818,0.6313651,-0.28125483,0.109909385,3,-0.09670592,-0.08055085,-0.07412749,0,-11.582411,-19841.082
819,0.5346592,-0.36180568,0.035781898,3,0.05415462,0.05552565,0.035981253,0,-9.679725,-19850.762
820,0.58881384,-0.30628002,0.07176315,3,0.092967995,0.0024494561,-0.054394808,0,-7.290075,-19858.05
821,0.4272921,-4.9286963e-12,0.5270173,1,0.035546552,0.04117112,-0.083883114,0,-63.053574,-19921.105
822,0.46283865,0.04117112,0.4431342,1,0.083811186,0.07282811,-0.07279751,0,-53.12001,-19974.225
823,0.5466498,0.113999225,0.37033668,1,0.02431559,0.038084943,-0.096004345,0,-41.784184,-20016.01
824,0.5709654,0.15208417,0.27433234,1,-0.0018736089,0.085129485,-0.0997348,0,-31.301811,-20047.31
825,0.5690918,0.23721366,0.17459755,1,0.014098703,0.011068782,-0.09606318,0,-18.810038,-20066.121
826,0.5831905,0.24828243,0.078534365,1,0.010513883,0.0038614024,-0.06776351,0,-9.552442,-20075.674
827,0.5937044,0.25214383,0.010770857,1,-0.04387093,0.04019932,-8.878684e-5,0,-4.945564,-20080.62
828,0.5498335,0.29234314,0.010682071,1,0.025579866,-0.06803056,0.039671678,0,-5.185959,-20085.805
829,0.57541335,0.22431257,0.05035375,1,0.055967763,0.0029044445,0.040906195,0,-9.417321,-20095.223
830,0.6313811,0.22721702,0.09125994,1,-0.0053195325,0.0055277986,0.06693872,0,87.912605,-20007.309
831,0.4272921,-4.9286963e-12,0.5270173,2,-0.020244699,-0.052742403,0.022960266,0,-64.54908,-20071.86
832,0.40704742,-0.052742403,0.54997754,2,0.0911015,-0.009778973,-0.086685576,0,-67.798874,-20139.658
833,0.49814892,-0.062521376,0.46329197,2,0.054756086,0.047686473,0.08089964,0,-55.647324,-20195.305
834,0.552905,-0.014834903,0.5441916,2,-8.9038e-5,0.0904142,-0.081183866,0,-59.784657,-20255.09
835,0.552816,0.0755793,0.46300775,2,0.08657285,0.037062176,-0.04001613,0,-53.027195,-20308.117
836,0.6393888,0.112641476,0.42299163,2,0.021659678,-0.020932676,0.06845432,0,-46.626816,-20354.742
837,0.6610485,0.0917088,0.49144596,2,0.016546417,-0.00015824898,-0.08192129,0,-51.888065,-20406.63
838,0.6775949,0.09155055,0.40952468,2,0.025661472,-0.09702907,-0.088173434,0,-43.712124,-20450.344
839,0.70325637,-0.005478516,0.32135123,2,0.04524002,0.062629536,0.0068574524,0,-33.564262,-20483.908
840,0.7484964,0.05715102,0.32820868,2,0.022290712,-0.03376374,0.092258655,0,-33.710503,-20517.617
841,0.4272921,-4.9286963e-12,0.5270173,1,0.09112469,0.07614172,-0.056243464,0,-63.053574,-20580.672
842,0.5184168,0.07614172,0.47077382,1,-0.0052767065,-0.022419628,-0.082685366,0,-52.76328,-20633.436
843,0.51314014,0.053722095,0.38808846,1,0.0487231,0.08528775,-0.09943433,0,-46.77714,-20680.21
844,0.56186324,0.13900985,0.28865415,1,0.07277537,0.020689132,-0.090468355,0,-33.270626,-20713.482
845,0.6346386,0.15969898,0.1981858,1,-0.00662455,0.08833134,-0.08148616,0,-24.527908,-20738.01
846,0.628014,0.24803032,0.11669964,1,-0.056472875,0.028707815,-0.00609205,0,-13.078395,-20751.088
847,0.57154113,0.27673814,0.110607594,1,0.065824345,-0.034160577,-0.08948054,0,-11.655498,-20762.744
848,0.63736546,0.24257755,0.021127053,1,-0.013587398,0.009273828,-0.027397629,0,-7.1692863,-20769.914
849,0.62377805,0.25185138,-0.0062705763,1,-0.08457097,-0.050315548,-0.0095367795,0,-5.4064827,-20775.32
850,0.5392071,0.20153584,-0.015807357,1,-0.0007700823,-0.09722549,0.011480076,0,88.320595,-20687.0
851,0.4272921,-4.9286963e-12,0.5270173,2,0.08045663,-0.023561293,-0.08739029,0,-64.54908,-20751.549
852,0.5077487,-0.023561293,0.439627,2,0.046452872,0.06308689,-0.09964672,0,-52.842964,-20804.39
853,0.5542016,0.0395256,0.33998027,2,0.0817718,-0.010814355,-0.08495893,0,-42.138546,-20846.53
854,0.6359734,0.028711244,0.25502133,2,0.04452629,-0.002108997,-0.070013896,0,-30.457338,-20876.986
855,0.6804997,0.026602248,0.18500744,2,0.09328543,-0.038664874,-0.075618535,0,-22.184626,-20899.172
856,0.7737851,-0.012062626,0.1093889,2,0.024127042,-0.047205202,-0.081461415,0,-11.313116,-20910.484
857,0.7979122,-0.059267826,0.027927488,2,0.010874664,0.055692878,-0.012278282,0,-6.555135,-20917.04
858,0.80878687,-0.0035749488,0.015649207,2,-0.035463862,0.09408729,-0.017781816,0,-1.8299913,-20918.871
859,0.773323,0.090512335,-0.0021326095,2,0.026842302,-0.090029895,-0.0887503,0,-9.438588,-20928.309
860,0.8001653,0.00048244,-0.09088291,2,0.0147522,0.014033102,0.09919207,0,-9.088434,-20937.396
861,0.4272921,-4.9286963e-12,0.5270173,1,-0.040361334,0.07234566,-0.09975692,0,-63.053574,-21000.451
862,0.38693076,0.07234566,0.42726037,1,0.08863428,-0.021342214,-0.08670559,0,-52.893894,-21053.344
863,0.47556505,0.051003445,0.34055477,1,0.058695287,0.056274388,-0.06810381,0,-43.98419,-21097.328
864,0.53426033,0.10727783,0.27245095,1,0.044846244,0.094027795,-0.08316969,0,-34.013683,-21131.342
865,0.57910657,0.20130563,0.18928126,1,0.0086816475,0.06879018,-0.09612763,0,-21.448664,-21152.791
866,0.5877882,0.27009583,0.093153626,1,0.055927835,0.042100165,-0.062453277,0,-9.859506,-21162.65
867,0.64371604,0.312196,0.030700348,1,0.02208152,-0.0002701949,0.04199619,0,-5.479364,-21168.129
868,0.66579753,0.3119258,0.07269654,1,-0.028869199,-0.095877424,0.032167528,0,-9.877411,-21178.008
869,0.6369283,0.21604837,0.10486406,1,-0.002265069,0.09677714,0.05185073,0,-13.931277,-21191.938
870,0.6346632,0.3128255,0.1567148,1,-0.06827026,0.060667172,0.08153007,0,83.89858,-21108.04
871,0.4272921,-4.9286963e-12,0.5270173,3,0.07231725,-0.086754255,-0.082017645,0,-63.053574,-21171.094
872,0.49960935,-0.086754255,0.44499964,3,0.06918388,-0.06337317,-0.071190245,0,-50.3564,-21221.45
873,0.56879324,-0.15012743,0.3738094,3,0.047289398,-0.098327786,-0.0804494,0,-40.3942,-21261.844
874,0.6160826,-0.24845521,0.29336,3,-0.057316497,0.013015162,-0.08841396,0,-29.828777,-21291.672
875,0.5587661,-0.23544005,0.20494604,3,0.05395047,0.0013330757,0.026297815,0,-21.879465,-21313.553
876,0.6127166,-0.23410697,0.23124385,3,0.06117411,-0.061270446,0.09032828,0,-24.078482,-21337.63
877,0.6738907,-0.29537743,0.32157212,3,-0.05902535,-0.074625194,-0.042771686,0,-32.99846,-21370.629
878,0.61486536,-0.37000263,0.27880043,3,-0.023715677,-0.0010136872,-0.080005124,0,-28.783855,-21399.414
879,0.5911497,-0.37101632,0.1987953,3,-0.041732837,0.05938003,-0.03961416,0,-21.128468,-21420.543
880,0.54941684,-0.3116363,0.15918115,3,-0.09057835,0.06930969,-0.0732324,0,-16.74297,-21437.285
881,0.4272921,-4.9286963e-12,0.5270173,1,0.069165036,0.054302495,-0.07434813,0,-63.053574,-21500.338
882,0.49645716,0.054302495,0.45266917,1,0.039052792,0.09207216,-0.08542806,0,-52.535492,-21552.875
883,0.53550994,0.14637466,0.3672411,1,0.021339545,0.091607,-0.090960875,0,-40.326885,-21593.201
884,0.5568495,0.23798165,0.27628022,1,0.037160914,0.014877189,-0.075207725,0,-28.642452,-21621.844
885,0.5940104,0.25285885,0.2010725,1,-0.01639072,0.00834343,-0.091586,0,-20.661152,-21642.504
886,0.5776197,0.26120228,0.1094865,1,-0.044144563,0.01725411,-0.036510892,0,-11.829386,-21654.334
887,0.5334751,0.2784564,0.072975606,1,0.09836437,-0.03501639,-0.023109404,0,-10.106994,-21664.441
888,0.63183945,0.24344,0.0498662,1,-0.092587836,0.09276677,-0.07901155,0,-8.184999,-21672.625
889,0.5392516,0.33620676,-0.029145353,1,0.045745075,-0.088278644,-0.09005248,0,-7.649019,-21680.275
890,0.5849967,0.24792811,-0.11919783,1,0.07999829,-0.05366201,0.027846992,0,86.90622,-21593.37
891,0.4272921,-4.9286963e-12,0.5270173,2,0.09651849,0.037271935,-0.0899083,0,-64.54908,-21657.918
892,0.5238106,0.037271935,0.437109,2,0.06375128,0.07544095,-0.08299498,0,-51.839565,-21709.758
893,0.5875619,0.11271289,0.354114,2,0.081921384,-0.048743196,-0.07268735,0,-42.805473,-21752.562
894,0.6694833,0.063969694,0.28142664,2,0.0739168,-0.09776365,-0.057770148,0,-31.674545,-21784.238
895,0.7434001,-0.033793956,0.22365649,2,0.019604716,0.08248298,-0.0658122,0,-23.316904,-21807.555
896,0.76300484,0.048689023,0.15784429,2,0.07661978,0.049237605,-0.07378624,0,-16.927517,-21824.482
897,0.83962464,0.09792663,0.084058054,2,0.037692726,-0.03875645,-0.0987622,0,-13.500182,-21837.982
898,0.87731737,0.059170183,-0.0147041455,2,-0.055468433,0.054318774,0.01277085,0,-9.84647,-21847.828
899,0.8218489,0.11348896,-0.0019332953,2,0.028568767,-0.0834089,-0.07876034,0,-11.558917,-21859.387
900,0.8504177,0.030080058,-0.08069363,2,0.0344581,-0.05481146,-0.08834055,0,-9.979085,-21869.367
901,0.4272921,-4.9286963e-12,0.5270173,1,0.093009904,0.090184525,-0.08145157,0,-63.053574,-21932.42
902,0.520302,0.090184525,0.44556573,1,0.034183513,0.046542987,-0.076144345,0,-49.890194,-21982.31
903,0.5544855,0.13672751,0.3694214,1,-0.0012958441,0.083853036,-0.08080671,0,-40.645008,-22022.955
904,0.55318964,0.22058055,0.2886147,1,0.09653894,0.030292919,-0.09194929,0,-30.298037,-22053.254
905,0.6497286,0.25087348,0.1966654,1,-0.011883803,-0.06697896,-0.07947936,0,-20.871902,-22074.125
906,0.6378448,0.18389452,0.11718605,1,-0.047179773,-0.023835938,-0.021082444,0,-16.924917,-22091.05
907,0.59066504,0.16005857,0.0961036,1,0.07271109,0.097575076,-0.09686546,0,-17.001957,-22108.053
908,0.66337615,0.25763366,-0.0007618591,1,-0.09654682,0.027582828,-0.033163738,0,-7.623662,-22115.676
909,0.5668293,0.28521648,-0.033925597,1,0.0029938,0.07102477,-0.06177424,0,-4.9697027,-22120.645
910,0.56982315,0.35624126,-0.09569983,1,0.05366646,0.016293516,-0.086164095,0,88.49688,-22032.148
911,0.4272921,-4.9286963e-12,0.5270173,3,0.050248966,-0.06388445,-0.095712475,0,-63.053574,-22095.201
912,0.4775411,-0.06388445,0.4313048,3,0.04559649,0.021858966,-0.063865274,0,-50.67254,-22145.875
913,0.52313757,-0.042025484,0.36743954,3,0.05867752,-0.08645343,-0.08326724,0,-45.54893,-22191.424
914,0.58181506,-0.12847891,0.2841723,3,-0.035302173,-0.088277444,-0.09165005,0,-33.242153,-22224.666
915,0.5465129,-0.21675636,0.19252226,3,0.0666702,-0.08924457,-0.068199605,0,-21.64606,-22246.312
916,0.6131831,-0.30600092,0.12432265,3,0.005751523,-0.031027151,-0.03700428,0,-12.51636,-22258.828
917,0.61893463,-0.33702806,0.087318376,3,-0.04544988,-0.021510992,0.049122877,0,-9.671657,-22268.5
918,0.5734848,-0.35853904,0.13644126,3,0.031206222,0.010811381,-0.086679295,0,-15.081808,-22283.582
919,0.604691,-0.34772766,0.049761966,3,-0.032126825,0.00019244487,-0.050745144,0,-6.910996,-22290.492
920,0.5725642,-0.34753522,-0.0009831786,3,-0.038518716,-0.047606073,0.06079275,0,-5.4893427,-22295.982
921,0.4272921,-4.9286963e-12,0.5270173,1,0.049272463,0.07662416,-0.03700536,0,-63.053574,-22359.035
922,0.4765646,0.07662416,0.49001193,1,0.09727868,0.08015512,-0.097429655,0,-55.248962,-22414.285
923,0.57384324,0.15677929,0.39258227,1,-0.07536178,0.060284078,0.033899926,0,-41.870895,-22456.156
924,0.49848145,0.21706337,0.4264822,1,0.038804624,0.06461027,-0.09560713,0,-44.61744,-22500.773
925,0.5372861,0.28167364,0.33087507,1,0.088524245,-0.028056687,-0.015369849,0,-33.72643,-22534.5
926,0.6258103,0.25361696,0.3155052,1,-0.0058999374,-0.065588064,0.005395122,0,-31.99392,-22566.492
927,0.61991036,0.1880289,0.32090032,1,0.033134326,-0.0023792733,0.01581485,0,-34.0457,-22600.54
928,0.6530447,0.18564963,0.33671516,1,0.0579448,-0.0777572,-0.05248688,0,-35.9537,-22636.492
929,0.7109895,0.10789243,0.28422827,1,0.014982802,0.03424321,0.048597228,0,-36.056854,-22672.549
930,0.7259723,0.14213565,0.33282548,1,0.050633375,-0.009865569,0.09898898,0,61.06891,-22611.48
931,0.4272921,-4.9286963e-12,0.5270173,2,0.09455194,-0.0053256974,-0.08190147,0,-64.54908,-22676.03
932,0.521844,-0.0053256974,0.44511583,2,0.08931442,0.035749495,-0.08830037,0,-52.49069,-22728.52
933,0.61115843,0.030423798,0.35681546,2,0.09171011,0.04074581,-0.0876231,0,-40.48506,-22769.006
934,0.7028685,0.07116961,0.26919237,2,0.082277685,-0.0971184,-0.07579058,0,-29.489687,-22798.496
935,0.78514624,-0.025948793,0.19340178,2,0.0069273757,0.058527496,0.09737945,0,-19.569931,-22818.064
936,0.7920736,0.032578703,0.29078123,2,0.07406082,0.015368969,-0.07733873,0,-29.270792,-22847.336
937,0.8661344,0.04794767,0.2134425,2,-0.054132596,0.08381129,0.038276605,0,-22.85398,-22870.19
938,0.8120018,0.13175896,0.25171912,2,-0.07453171,0.01107948,-0.045788392,0,-28.43712,-22898.627
939,0.7374701,0.14283843,0.20593072,2,0.016234552,0.077917635,-0.06822846,0,-25.830269,-22924.457
940,0.75370467,0.22075607,0.13770226,2,0.028544512,-0.09859256,0.026610903,0,-26.42696,-22950.885
941,0.4272921,-4.9286963e-12,0.5270173,1,0.050622564,0.090495475,-0.062006045,3,-63.053574,-23013.938
942,0.47791466,0.090495475,0.46501124,1,0.038429655,0.08988565,-0.08182754,3,-52.443535,-23066.38
943,0.5163443,0.18038112,0.3831837,1,0.07184077,0.05123984,-0.08078703,3,-41.004475,-23107.387
944,0.5881851,0.23162097,0.30239666,1,0.028067108,0.09061064,-0.09541054,3,-31.025639,-23138.412
945,0.6162522,0.3222316,0.20698611,1,0.02045956,-0.07711172,-0.03687119,3,-20.881002,-23159.293
946,0.6367117,0.24511987,0.17011492,1,0.024193108,-0.0021174233,0.0010887551,3,-18.247921,-23177.541
947,0.6609048,0.24300244,0.17120367,1,0.04623922,0.095870525,-0.053939268,3,-19.044374,-23196.584
948,0.707144,0.33887297,0.117264405,1,-0.09286315,0.034401294,-0.015854234,3,-16.352945,-23212.938
949,0.6142809,0.37327427,0.10141017,1,0.008409924,-0.041757345,-0.019951949,3,-12.592491,-23225.531
950,0.6226908,0.33151692,0.081458226,1,-0.06542361,0.05775275,-0.07742156,3,-9.024206,-23234.555
951,0.4272921,-4.9286963e-12,0.5270173,3,-0.0050149215,-0.08630874,-0.089446455,3,-63.053574,-23297.607
952,0.42227718,-0.08630874,0.43757084,3,0.081700355,-0.077915505,-0.0885962,3,-51.837982,-23349.445
953,0.50397754,-0.16422424,0.34897465,3,-0.019125404,0.029178083,0.0126377605,3,-38.6573,-23388.104
954,0.48485214,-0.13504615,0.3616124,3,0.07044035,-0.08721247,-0.06819357,3,-41.38023,-23429.484
955,0.5552925,-0.22225863,0.29341882,3,0.016669296,-0.081150964,-0.09859042,3,-30.681768,-23460.166
956,0.57196176,-0.30340958,0.1948284,3,0.0913787,-0.03254921,-0.049704246,3,-19.686512,-23479.852
957,0.66334045,-0.33595878,0.14512417,3,0.011375981,-0.028327703,0.0821913,3,-16.23763,-23496.09
958,0.6747164,-0.36428648,0.22731547,3,-0.04279702,0.0045411135,-0.02388466,3,-24.776524,-23520.865
959,0.6319194,-0.35974538,0.20343082,3,-0.08028648,-0.018262606,-0.004839686,3,-21.441187,-23542.307
960,0.5516329,-0.37800798,0.19859113,3,-0.018213904,-0.087169565,-0.005002261,3,-21.877628,-23564.186
961,0.4272921,-4.9286963e-12,0.5270173,2,0.089123815,-0.062647834,-0.060269184,3,-64.54908,-23628.734
962,0.51641595,-0.062647834,0.46674812,2,0.033086512,0.049392853,-0.09257654,3,-54.972584,-23683.707
963,0.5495025,-0.0132549815,0.37417158,2,-0.060904816,-0.067658156,-0.024509488,3,-45.04765,-23728.754
964,0.4885977,-0.08091314,0.3496621,2,-0.03473317,0.005716491,-0.026736343,3,-47.516518,-23776.271
965,0.4538645,-0.07519665,0.32292575,2,0.060021132,0.055394944,-0.07177003,3,-47.93176,-23824.203
966,0.5138856,-0.01980171,0.25115573,2,0.052860364,0.010007558,-0.046187576,3,-38.12253,-23862.324
967,0.566746,-0.009794151,0.20496815,2,-0.039251752,0.05403306,0.029122323,3,-31.066912,-23893.393
968,0.52749425,0.04423891,0.23409048,2,0.023691513,0.024087407,-0.047851067,3,-36.19597,-23929.588
969,0.5511858,0.06832632,0.1862394,2,0.036035888,0.005115382,-0.08465132,3,-31.82171,-23961.41
970,0.5872217,0.0734417,0.101588085,2,0.06824498,0.082558766,0.00021092796,3,75.30416,-23886.105
971,0.4272921,-4.9286963e-12,0.5270173,1,0.06815713,0.06608318,-0.08966473,3,-63.053574,-23949.158
972,0.49544924,0.06608318,0.43735257,1,-0.013201814,-0.030169826,-0.07962758,3,-50.68779,-23999.848
973,0.48224744,0.035913352,0.357725,1,0.011283005,0.09354622,-0.081566155,3,-45.997242,-24045.844
974,0.49353045,0.12945957,0.27615884,1,-0.034680612,0.0838035,-0.06521612,3,-34.15897,-24080.004
975,0.45884985,0.21326306,0.21094272,1,0.03716424,0.016561663,-0.07438789,3,-26.822287,-24106.824
976,0.4960141,0.22982472,0.13655482,1,-0.021096395,-0.07243534,0.034099016,3,-18.543158,-24125.37
977,0.47491768,0.15738937,0.17065383,1,0.07117386,0.0036317562,-0.08180941,3,-25.5159,-24150.885
978,0.54609156,0.16102113,0.088844426,1,0.0383949,0.087481506,-0.09510461,3,-17.353554,-24168.238
979,0.5844865,0.24850264,-0.0062601864,1,0.019711627,0.051816657,-0.017540134,3,-5.4146457,-24173.652
980,0.6041981,0.3003193,-0.02380032,1,0.08188508,0.016151382,0.0017183265,3,-2.4169838,-24176.07
981,0.4272921,-4.9286963e-12,0.5270173,3,0.081314944,-0.070525736,-0.08763177,3,-63.053574,-24239.123
982,0.50860703,-0.070525736,0.43938553,3,0.07144534,-0.09707091,-0.08311884,3,-50.40543,-24289.527
983,0.5800524,-0.16759664,0.35626668,3,-0.04189221,-0.093791954,-0.093367934,3,-38.059757,-24327.588
984,0.53816015,-0.2613886,0.26289874,3,0.018123139,0.020247389,-0.08272495,3,-27.282003,-24354.871
985,0.5562833,-0.24114121,0.18017378,3,0.060721807,-0.09534279,-0.061763052,3,-19.452019,-24374.322
986,0.6170051,-0.33648401,0.11841074,3,0.025738074,-0.09160062,-0.07771366,3,-12.506541,-24386.828
987,0.6427432,-0.42808464,0.040697075,3,0.04764744,0.076003075,0.08133201,3,-14.102801,-24400.932
988,0.6903906,-0.35208157,0.12202909,3,-0.0658843,0.013726488,-0.046287343,3,-16.054295,-24416.986
989,0.6245063,-0.33835506,0.075741746,3,0.015065926,0.039972335,-0.013529056,3,-8.83656,-24425.822
990,0.6395722,-0.29838273,0.06221269,3,0.07220383,0.09581259,-0.058225296,3,-7.374952,-24433.197
991,0.4272921,-4.9286963e-12,0.5270173,2,0.08015753,-0.010991258,-0.0969765,3,-64.54908,-24497.746
992,0.5074496,-0.010991258,0.4300408,2,0.09230311,0.06255709,-0.087622724,3,-52.023228,-24549.77
993,0.5997527,0.05156583,0.34241807,2,0.09826468,-0.0373134,-0.07215459,3,-40.00102,-24589.77
994,0.6980174,0.014252428,0.2702635,2,-0.039968833,-0.055747952,0.0065337787,3,-28.921608,-24618.691
995,0.65804857,-0.041495524,0.27679726,2,0.070462994,0.08319071,-0.07715416,3,-31.382927,-24650.074
996,0.7285116,0.041695185,0.1996431,2,-0.052000657,-0.05367799,-0.054801337,3,-21.611675,-24671.688
997,0.67651093,-0.011982806,0.14484176,2,0.007125178,0.09722269,-0.047207244,3,-19.071518,-24690.758
998,0.6836361,0.08523989,0.09763452,2,0.0766445,0.082159095,-0.009277484,3,-17.418062,-24708.176
999,0.7602806,0.16739899,0.08835703,2,0.087578505,-0.057603948,-0.030731589,3,-19.340893,-24727.518
1000,0.84785914,0.10979504,0.057625443,2,-0.017167222,0.02860914,-0.05321149,3,86.708595,-24640.809
