1,0.0,0.5,0.0,0.19437377,-0.13600434,0,-111.80339887498948,-111.80339887498948
2,0.19437377,0.36399567,0.0,0.11977194,-0.13989131,0,-88.40398569489463,-200.2073845698841
3,0.3141457,0.22410436,0.0,0.19510135,-0.17826451,0,-72.15392335975825,-272.3613079296424
4,0.50924706,0.045839846,0.0,0.19176368,-0.034744944,0,-49.28891712207641,-321.6502250517188
5,0.70101076,0.011094902,0.0,0.19332759,-0.112856805,0,-29.919502051340075,-351.5697271030589
6,0.89433837,-0.10176191,0.0,0.16691333,0.04682914,0,-14.669650974984219,-366.23937807804305
7,1.0612516,-0.054932766,0.0,0.13627611,-0.065774776,0,-8.227619452319697,-374.46699753036273
8,1.1975278,-0.12070754,0.0,-0.03291262,0.16272871,0,-23.14898033503409,-397.61597786539687
9,1.1646152,0.04202117,0.0,-0.1456531,-0.09468284,0,-16.989387206145,-414.6053650715419
10,1.018962,-0.052661672,0.0,0.054190326,0.17919771,0,-5.597151185201686,-420.2025162567436
11,0.0,0.5,0.31415927,0.06706561,-0.15215674,0,-97.00428070981376,-517.2067969665574
12,0.06706561,0.34784326,0.31415927,0.17936122,0.13794482,0,-88.48431725206699,-605.6911142186243
13,0.24642684,0.48578808,0.31415927,0.1725011,-0.049900204,0,-72.64647500414674,-678.337589222771
14,0.41892794,0.43588787,0.31415927,0.16506314,0.18603298,0,-54.7043935305215,-733.0419827532926
15,0.58399105,0.6219208,0.31415927,0.17327115,0.0027297959,0,-48.23337795746642,-781.2753607107591
16,0.75726223,0.6246506,0.31415927,0.17658882,-0.155541,0,-37.03792663076101,-818.3132873415201
17,0.93385106,0.4691096,0.31415927,0.09026944,0.15651543,0,-16.101449164746942,-834.414736506267
18,1.0241205,0.625625,0.31415927,0.16405812,-0.12946062,0,-32.49291738710089,-866.9076538933679
19,1.1881785,0.49616438,0.31415927,-0.19004814,-0.029760132,0,-30.20777780175745,-897.1154316951253
20,0.9981304,0.46640426,0.31415927,-0.14395568,0.031969354,0,-16.427627662731105,-913.5430593578564
21,0.0,0.5,0.62831855,0.15665528,0.04146742,0,-81.37657891123791,-994.9196382690942
22,0.15665528,0.5414674,0.62831855,0.19865565,0.13913119,0,-65.40039409853338,-1060.3200323676276
23,0.35531092,0.6805986,0.62831855,0.11087351,-0.08916848,0,-46.31020776464076,-1106.6302401322682
24,0.46618444,0.5914301,0.62831855,0.13688248,0.17181414,0,-34.28519403650754,-1140.9154341687758
25,0.6030669,0.7632443,0.62831855,0.07624919,0.028672917,0,-27.055739920596196,-1167.971174089372
26,0.6793161,0.7919172,0.62831855,0.04824099,0.06919368,0,-24.185156745774368,-1192.1563308351463
27,0.72755706,0.86111087,0.62831855,0.06362875,0.1432714,0,-28.520627171651824,-1220.676958006798
28,0.7911858,1.0043823,0.62831855,-0.014318402,-0.03287817,0,-41.69784401872085,-1262.3748020255189
29,0.7768674,0.9715041,0.62831855,0.05102136,0.07569052,0,-38.50633092046329,-1300.8811329459822
30,0.8278887,1.0471946,0.62831855,-0.15780805,0.07475515,0,-45.979680129123665,-1346.8608130751059
31,0.0,0.5,0.9424778,0.041559923,-0.12334796,0,-66.40655095208454,-1413.2673640271903
32,0.041559923,0.37665203,0.9424778,0.12839247,0.19912335,0,-69.66358937608805,-1482.9309534032784
33,0.1699524,0.5757754,0.9424778,0.1701818,0.15108366,0,-47.8524757912412,-1530.7834291945196
34,0.3401342,0.72685903,0.9424778,0.18047233,0.16456771,0,-26.09233025923959,-1556.8757594537592
35,0.5206065,0.89142674,0.9424778,0.08569525,0.13083917,0,-10.63218999871535,-1567.5079494524746
36,0.6063018,1.0222659,0.9424778,0.05646313,0.027522055,0,-21.40513005285492,-1588.9130795053295
37,0.6627649,1.049788,0.9424778,0.0013575993,0.1759158,0,-25.217577635101613,-1614.1306571404311
38,0.6641225,1.2257038,0.9424778,-0.007922498,-0.1972668,0,-42.362164334673295,-1656.4928214751044
39,0.65620005,1.028437,0.9424778,0.057270106,-0.060339287,0,-22.98384850269574,-1679.4766699778002
40,0.71347016,0.96809775,0.9424778,-0.0063761324,-0.06542668,0,-20.2739688761757,-1699.750638853976
41,0.0,0.5,1.2566371,0.0996759,0.14048377,0,-54.67572512131662,-1754.4263639752926
42,0.0996759,0.64048374,1.2566371,0.030042987,0.13043772,0,-37.45385830753038,-1791.880222282823
43,0.12971888,0.77092147,1.2566371,0.14485234,0.18167126,0,-25.415831335673417,-1817.2960536184964
44,0.27457124,0.95259273,1.2566371,-0.033621136,0.08621146,0,-3.4479970876043495,-1820.7440507061008
45,0.24095011,1.0388042,1.2566371,0.13162106,-0.030360743,0,-11.105289422737275,-1831.849340128838
46,0.37257117,1.0084435,1.2566371,0.010110867,0.13973503,0,-8.56294126280942,-1840.4122813916474
47,0.38268203,1.1481785,1.2566371,-0.014454833,-0.10038148,0,-21.043666652390357,-1861.4559480440378
48,0.36822718,1.047797,1.2566371,-0.11784951,-0.07528161,0,-11.34220386407003,-1872.7981519081077
49,0.25037768,0.97251534,1.2566371,0.15289302,0.098602265,0,-6.2442344497128,-1879.0423863578205
50,0.40327072,1.0711176,1.2566371,-0.111132726,0.057868022,0,-15.263825456207394,-1894.3062118140278
51,0.0,0.5,1.5707964,0.16779448,0.18434459,0,-50.00000000000019,-1944.306211814028
52,0.16779448,0.6843446,1.5707964,-0.037406355,0.1939904,0,-35.74819443572202,-1980.0544062497502
53,0.13038813,0.878335,1.5707964,0.04491977,0.006715988,0,-17.833521018119704,-1997.8879272678698
54,0.1753079,0.885051,1.5707964,-0.164015,0.14344825,0,-20.96333581782375,-2018.8512630856935
55,0.011292905,1.0284992,1.5707964,-0.02032313,-0.07204,0,-3.0655141235471586,-2021.9167772092408
56,-0.009030225,0.9564592,1.5707964,-0.17399369,0.19576801,0,-4.4467328735328415,-2026.3635100827737
57,-0.18302391,1.1522273,1.5707964,0.10802605,0.048642922,0,-23.805646996967404,-2050.169157079741
58,-0.074997865,1.2008702,1.5707964,-0.020258775,0.038378023,0,-21.44143018429618,-2071.6105872640373
59,-0.09525664,1.2392482,1.5707964,0.08100764,-0.1084712,0,-25.75140769647798,-2097.3619949605154
60,-0.014249004,1.130777,1.5707964,-0.14018053,-0.036576573,0,-13.155096720117237,-2110.517091680633
61,0.0,0.5,1.8849556,-0.18116947,0.16567087,0,-54.67572357287543,-2165.192815253508
62,-0.18116947,0.6656709,1.8849556,-0.108885646,0.08658672,0,-31.271384055849012,-2196.464199309357
63,-0.2900551,0.7522576,1.8849556,0.065411605,0.082185484,0,-19.970116582579404,-2216.4343158919364
64,-0.2246435,0.8344431,1.8849556,-0.15912613,0.10317424,0,-14.393601171546958,-2230.8279170634833
65,-0.38376963,0.9376173,1.8849556,0.056277312,-0.066013075,0,-7.595105381267843,-2238.423022444751
66,-0.32749233,0.8716042,1.8849556,-0.015985524,-0.13334519,0,-8.157205827164995,-2246.580228271916
67,-0.34347785,0.738259,1.8849556,0.073249206,0.0038802112,0,-21.55697285175204,-2268.137201123668
68,-0.27022862,0.7421392,1.8849556,-0.08860217,-0.16847783,0,-21.248755774230048,-2289.3859568978983
69,-0.3588308,0.5736614,1.8849556,0.0039703003,0.030682437,0,-38.06684501677402,-2327.4528019146724
70,-0.3548605,0.60434383,1.8849556,0.17814109,0.19157068,0,-34.973030427594395,-2362.425832342267
71,0.0,0.5,1.5707964,0.042522345,0.1412253,0,-50.00000000000019,-2412.425832342267
72,0.042522345,0.6412253,1.5707964,-0.08912158,0.18112753,0,-36.128583475517026,-2448.554415817784
73,-0.046599235,0.8223528,1.5707964,-0.024604468,0.17870364,0,-18.365729738666104,-2466.9201455564503
74,-0.0712037,1.0010564,1.5707964,0.036970533,0.16552514,0,-7.12114940833672,-2474.041294964787
75,-0.034233168,1.1665816,1.5707964,-0.062799886,0.12604778,0,-17.00627721506833,-2491.0475721798553
76,-0.09703305,1.2926294,1.5707964,0.112573415,-0.15520394,0,-30.829749921746714,-2521.8773221016017
77,0.015540361,1.1374254,1.5707964,-0.11898596,0.0029825077,0,-13.830130507976948,-2535.707452609579
78,-0.1034456,1.1404079,1.5707964,0.11100871,0.183938,0,-17.440001852009033,-2553.147454461588
79,0.007563114,1.324346,1.5707964,0.15595798,-0.13624051,0,-32.44341138753399,-2585.590865849122
80,0.1635211,1.1881055,1.5707964,0.15343782,-0.03138603,0,-24.9244515984489,-2610.515317447571
81,0.0,0.5,1.8849556,-0.1106075,0.15284196,0,-54.67572357287543,-2665.1910410204464
82,-0.1106075,0.6528419,1.8849556,0.13909647,0.08882539,0,-35.818747083319316,-2701.009788103766
83,0.028488971,0.74166733,1.8849556,-0.10440332,0.10973612,0,-39.71827271119163,-2740.7280608149576
84,-0.075914346,0.8514035,1.8849556,-0.14883761,-0.0045641446,0,-25.35105206364449,-2766.0791128786022
85,-0.22475195,0.8468393,1.8849556,-0.06953443,0.13326095,0,-13.402172620978762,-2779.481285499581
86,-0.29428637,0.9801003,1.8849556,-0.09460039,-0.082015894,0,-3.2565846486021135,-2782.7378701481834
87,-0.38888675,0.8980844,1.8849556,0.15748918,-0.08111378,0,-9.583951603065355,-2792.321821751249
88,-0.23139757,0.81697065,1.8849556,-0.11375665,0.18045066,0,-15.493157184648664,-2807.8149789358977
89,-0.34515423,0.9974213,1.8849556,-0.026720831,-0.038685057,0,-5.878431333804809,-2813.6934102697023
90,-0.37187505,0.95873624,1.8849556,-0.181817,-0.024820369,0,-6.332541991943266,-2820.0259522616457
91,0.0,0.5,2.1991148,-0.19195123,0.14401597,0,-66.40654567629024,-2886.4324979379358
92,-0.19195123,0.64401597,2.1991148,-0.09179739,-0.056161102,0,-42.8847129841954,-2929.3172109221314
93,-0.28374863,0.58785486,2.1991148,-0.06621573,-0.07587539,0,-37.59666484347841,-2966.9138757656096
94,-0.34996435,0.51197946,2.1991148,0.026496075,-0.09606347,0,-38.05128780016006,-3004.9651635657697
95,-0.32346827,0.415916,2.1991148,-0.09781814,0.13493837,0,-47.37001518206591,-3052.3351787478355
96,-0.4212864,0.5508544,2.1991148,-0.025621919,0.14973018,0,-30.71966487350921,-3083.054843621345
97,-0.44690832,0.70058453,2.1991148,-0.13287205,-0.05589426,0,-17.77748307611565,-3100.8323266974603
98,-0.57978034,0.6446903,2.1991148,0.10225217,-0.035806477,0,-16.45215817614445,-3117.284484873605
99,-0.47752815,0.6088838,2.1991148,-0.17139307,0.090392075,0,-22.849488416376378,-3140.1339732899814
100,-0.64892125,0.69927585,2.1991148,-0.11839377,0.19266467,0,-12.562141128615531,-3152.696114418597
101,0.0,0.5,1.8849555,-0.19298103,-0.027916815,0,-54.675723436945155,-3207.3718378555423
102,-0.19298103,0.47208318,1.8849555,-0.09224077,0.14699385,0,-49.28283784027275,-3256.654675695815
103,-0.28522182,0.619077,1.8849555,0.00793095,0.17269224,0,-33.28311963650196,-3289.937795332317
104,-0.27729085,0.79176927,1.8849555,-0.03461558,0.004938706,0,-16.241607229977497,-3306.1794025622944
105,-0.31190643,0.796708,1.8849555,0.0018734961,-0.06559945,0,-15.437559617157474,-3321.616962179452
106,-0.31003293,0.73110855,1.8849555,-0.17516445,0.11516108,0,-21.995034029220225,-3343.6119962086723
107,-0.48519737,0.8462696,1.8849555,-0.19535053,0.1866229,0,-20.498742015080325,-3364.1107382237524
108,-0.6805479,1.0328925,1.8849555,-0.07322484,-0.031760924,0,-38.04370717672959,-3402.154445400482
109,-0.75377274,1.0011315,1.8849555,0.18036014,0.16564815,0,-44.7565883583273,-3446.9110337588095
110,-0.5734126,1.1667796,1.8849555,0.12220307,-0.10562162,0,-34.123528053216205,-3481.0345618120255
111,0.0,0.5,2.1991148,-0.16438547,0.13643777,0,-66.40654567629024,-3547.4411074883155
112,-0.16438547,0.6364378,2.1991148,-0.18823768,-0.08326319,0,-45.722085502562976,-3593.1631929908785
113,-0.35262316,0.5531746,2.1991148,-0.19706543,0.15046391,0,-34.75003638202275,-3627.9132293729012
114,-0.5496886,0.70363855,2.1991148,-0.0046695913,0.0788975,0,-11.205342007422402,-3639.118571380324
115,-0.5543582,0.78253603,2.1991148,0.16221109,0.019651065,0,-4.264511989361002,-3643.3830833696848
116,-0.3921471,0.8021871,2.1991148,-0.12019111,-0.19660786,0,-19.575727362361004,-3662.9588107320455
117,-0.5123382,0.60557926,2.1991148,0.10153455,0.014053554,0,-21.697732737731705,-3684.6565434697773
118,-0.41080368,0.61963284,2.1991148,-0.10725991,-0.09795516,0,-25.920805429383304,-3710.5773488991604
119,-0.5180636,0.5216777,2.1991148,-0.022555694,-0.12027418,0,-29.56771703376169,-3740.145065932922
120,-0.5406193,0.4014035,2.1991148,0.183318,-0.1393931,0,-41.03332763285134,-3781.1783935657736
121,0.0,0.5,1.8849555,-0.11352351,0.18908231,0,-54.675723436945155,-3835.854117002719
122,-0.11352351,0.6890823,1.8849555,-0.13708246,0.14646691,0,-32.68763844705418,-3868.541755449773
123,-0.25060597,0.83554924,1.8849555,-0.19604985,-0.17463538,0,-12.94363902595832,-3881.4853944757315
124,-0.4466558,0.6609138,1.8849555,0.12203991,0.116671376,0,-32.11343219531023,-3913.598826671042
125,-0.3246159,0.7775852,1.8849555,0.066888906,-0.015103034,0,-17.417126689941508,-3931.0159533609835
126,-0.257727,0.76248217,1.8849555,-0.123090595,-0.015888361,0,-19.54250571677777,-3950.558459077761
127,-0.3808176,0.74659383,1.8849555,-0.009863706,0.094657965,0,-21.670332667474433,-3972.228791745236
128,-0.3906813,0.8412518,1.8849555,-0.0595088,-0.10504421,0,-13.684352253831571,-3985.9131439990674
129,-0.4501901,0.7362076,1.8849555,-0.17868222,-0.14208351,0,-25.70796074627107,-4011.6211047453385
130,-0.62887233,0.5941241,1.8849555,-0.119164325,-0.07582937,0,-47.92788892498282,-4059.548993670321
131,0.0,0.5,1.5707963,0.14169474,-0.0804178,0,-50.00000000000057,-4109.548993670322
132,0.14169474,0.4195822,1.5707963,0.08802896,0.16664627,0,-59.746314876503135,-4169.295308546825
133,0.22972369,0.5862285,1.5707963,-0.19451274,0.19196096,0,-47.326504470734385,-4216.621813017559
134,0.035210952,0.7781894,1.5707963,-0.09080799,0.16822176,0,-22.45879313874095,-4239.0806061563
135,-0.055597037,0.9464112,1.5707963,0.024452364,0.045443323,0,-7.721916358529775,-4246.80252251483
136,-0.031144673,0.9918545,1.5707963,0.09337684,-0.120546415,0,-3.219230826135052,-4250.021753340965
137,0.062232167,0.8713081,1.5707963,-0.02816574,0.17388807,0,-14.29490863573254,-4264.316661976698
138,0.034066424,1.0451962,1.5707963,0.07542567,-0.02124023,0,-5.659691132457566,-4269.976353109155
139,0.10949209,1.023956,1.5707963,-0.1541726,0.09145233,0,-11.208206407166879,-4281.184559516322
140,-0.044680506,1.1154083,1.5707963,-0.07125471,0.12690972,0,-12.375552667850648,-4293.560112184173
141,0.0,0.5,1.8849555,-0.116116986,0.1988971,0,-54.675723436945155,-4348.235835621118
142,-0.116116986,0.6988971,1.8849555,-0.18718192,0.14313148,0,-31.748191278277293,-4379.984026899395
143,-0.3032989,0.8420286,1.8849555,0.0488415,0.09163202,0,-10.917776299323476,-4390.901803198719
144,-0.25445738,0.9336606,1.8849555,-0.11369,-0.016046949,0,-5.726572489639859,-4396.628375688359
145,-0.36814737,0.9176137,1.8849555,-0.09474373,0.11676298,0,-6.793255714896423,-4403.421631403255
146,-0.4628911,1.0343766,1.8849555,0.14495566,-0.06714824,0,-17.498426415389286,-4420.920057818645
147,-0.31793544,0.9672284,1.8849555,0.09128832,0.047847174,0,-1.8468053467616836,-4422.766863165406
148,-0.22664711,1.0150756,1.8849555,0.046023306,-0.14188619,0,-10.43226967881957,-4433.1991328442255
149,-0.1806238,0.8731894,1.8849555,-0.072689764,-0.0077904505,0,-15.016022233929679,-4448.2151550781555
150,-0.25331357,0.86539894,1.8849555,-0.12619938,0.16018681,0,-10.217675606050612,-4458.432830684205
151,0.0,0.5,1.5707963,0.08963691,0.1942935,0,-50.00000000000057,-4508.432830684206
152,0.08963691,0.6942935,1.5707963,-0.15499333,0.15152715,0,-31.857687661913758,-4540.29051834612
153,-0.06535642,0.84582067,1.5707963,-0.07723121,0.025653379,0,-16.74596624164528,-4557.036484587766
154,-0.14258763,0.871474,1.5707963,0.14700408,0.13748984,0,-19.196400674435807,-4576.232885262201
155,0.004416451,1.0089638,1.5707963,0.010641277,-0.064066,0,-0.9992722342148054,-4577.232157496416
156,0.015057728,0.94489783,1.5707963,-0.021806061,0.15225238,0,-5.712251723086853,-4582.944409219503
157,-0.0067483336,1.0971502,1.5707963,0.16187422,-0.025538852,0,-9.738430910974058,-4592.682840130477
158,0.15512589,1.0716114,1.5707963,-0.1984922,0.13113682,0,-17.085728076208433,-4609.768568206686
159,-0.043366313,1.2027482,1.5707963,-0.15240425,-0.10403826,0,-20.73341937890992,-4630.501987585595
160,-0.19577056,1.09871,1.5707963,-0.016556147,-0.13604929,0,-21.92482493008233,-4652.426812515678
161,0.0,0.5,1.8849555,-0.06149528,0.18082227,0,-54.675723436945155,-4707.102535952623
162,-0.06149528,0.68082225,1.8849555,-0.1927809,0.04720077,0,-36.64608335529934,-4743.748619307922
163,-0.2542762,0.72802305,1.8849555,0.012320108,0.12051638,0,-22.965297108544515,-4766.713916416466
164,-0.24195608,0.8485394,1.8849555,-0.09920121,0.10084097,0,-12.250273551505154,-4778.964189967972
165,-0.3411573,0.9493804,1.8849555,0.06352104,0.07348358,0,-3.218402071957438,-4782.18259203993
166,-0.27763623,1.022864,1.8849555,0.08917857,-0.13323474,0,-7.836490397527209,-4790.019082437457
167,-0.18845767,0.88962924,1.8849555,-0.027858863,-0.14105189,0,-13.530650916099162,-4803.549733353556
168,-0.21631654,0.74857736,1.8849555,-0.09275911,0.1731728,0,-22.26907839636035,-4825.818811749916
169,-0.30907565,0.9217502,1.8849555,-0.10175942,-0.13708267,0,-2.9306410947069637,-4828.749452844623
170,-0.4108351,0.7846675,1.8849555,-0.14885598,-0.14780688,0,-19.506985887247055,-4848.25643873187
171,0.0,0.5,1.5707963,-0.11182258,0.19569114,0,-50.00000000000057,-4898.256438731871
172,-0.11182258,0.6956911,1.5707963,0.016072933,0.19745892,0,-32.42039608435814,-4930.676834816229
173,-0.09574965,0.89315003,1.5707963,0.19487855,0.1399097,0,-14.347447509077908,-4945.024282325307
174,0.0991289,1.0330597,1.5707963,-0.09029738,-0.096650936,0,-10.44962634370455,-4955.4739086690115
175,0.008831523,0.93640876,1.5707963,0.13098635,0.085592896,0,-6.420156158252284,-4961.894064827264
176,0.13981786,1.0220016,1.5707963,-0.037677787,-0.10773464,0,-14.153828231918128,-4976.047893059182
177,0.10214008,0.914267,1.5707963,0.067933664,0.16733846,0,-13.335188967119851,-4989.383082026301
178,0.17007375,1.0816054,1.5707963,-0.13723332,-0.10144872,0,-18.86385455856377,-5008.246936584866
179,0.03284043,0.9801567,1.5707963,-0.095095165,0.068569034,0,-3.8369841097867603,-5012.083920694652
180,-0.062254734,1.0487257,1.5707963,0.020503227,0.18063226,0,-7.9056040556121765,-5019.9895247502645
181,0.0,0.5,1.8849555,-0.18881963,0.19742051,0,-54.675723436945155,-5074.66524818721
182,-0.18881963,0.6974205,1.8849555,-0.11000367,0.11647268,0,-28.067533842980573,-5102.73278203019
183,-0.2988233,0.81389314,1.8849555,-0.0046605696,0.10013975,0,-13.754166239986091,-5116.486948270176
184,-0.30348387,0.9140329,1.8849555,-0.009432141,0.039330818,0,-3.743483026780946,-5120.230431296957
185,-0.312916,0.9533637,1.8849555,-0.16131514,-0.0237636,0,-0.45305399546805153,-5120.683485292425
186,-0.47423115,0.9296001,1.8849555,-0.12631698,0.045196712,0,-16.660166088792522,-5137.343651381218
187,-0.60054815,0.97479683,1.8849555,0.18279901,0.07084955,0,-29.249623080848508,-5166.593274462066
188,-0.41774914,1.0456464,1.8849555,-0.06329762,0.17920338,0,-14.41177888362423,-5181.005053345691
189,-0.48104677,1.2248498,1.8849555,-0.11914118,-0.07461864,0,-32.33527798939274,-5213.340331335083
190,-0.60018796,1.1502311,1.8849555,0.17873853,0.15535767,0,-35.27762379615048,-5248.617955131233
191,0.0,0.5,2.1991148,-0.16605808,0.104267485,0,-66.40654567629024,-5315.0245008075235
192,-0.16605808,0.6042675,2.1991148,-0.1857204,0.012329769,0,-46.88028580708318,-5361.9047866146075
193,-0.35177848,0.61659724,2.1991148,-0.1403655,0.104072794,0,-30.450703211141683,-5392.355489825749
194,-0.492144,0.72067004,2.1991148,0.094933316,-0.124079764,0,-13.020147213181241,-5405.37563703893
195,-0.39721066,0.5965903,2.1991148,0.006040775,0.09683566,0,-28.53835357913985,-5433.91399061807
196,-0.39116988,0.69342595,2.1991148,-0.08412834,-0.10681656,0,-22.807645691634175,-5456.721636309704
197,-0.47529823,0.58660936,2.1991148,0.072497465,-0.10453083,0,-24.923577939538166,-5481.645214249242
198,-0.40280077,0.48207852,2.1991148,0.06424053,0.03400479,0,-37.564345312152895,-5519.2095595613955
199,-0.33856022,0.5160833,2.1991148,0.0017227717,-0.18599959,0,-38.460789790365695,-5557.670349351761
200,-0.33683744,0.33008373,2.1991148,-0.097354025,-0.08021601,0,-54.06957108245181,-5611.739920434213
201,0.0,0.5,1.8849555,-0.083514385,0.18581346,0,-54.675723436945155,-5666.415643871158
202,-0.083514385,0.6858134,1.8849555,-0.09425475,0.1305232,0,-34.81455337985532,-5701.230197251013
203,-0.17776912,0.81633663,1.8849555,-0.10909863,0.08983107,0,-18.808360781483138,-5720.038558032496
204,-0.28686774,0.9061677,1.8849555,-0.18241534,0.13646656,0,-5.0055933785887845,-5725.044151411085
205,-0.46928307,1.0426342,1.8849555,0.122529924,-0.11530928,0,-18.45852364964745,-5743.502675060732
206,-0.34675315,0.92732495,1.8849555,-0.13735159,0.041371558,0,-4.457812993944432,-5747.960488054677
207,-0.48410475,0.96869653,1.8849555,0.13109124,-0.1788825,0,-17.597417557044288,-5765.557905611721
208,-0.35301352,0.78981405,1.8849555,0.03331916,0.12498835,0,-16.71371813068494,-5782.2716237424065
209,-0.31969434,0.91480243,1.8849555,0.11006602,-0.105551764,0,-3.779374492508304,-5786.050998234915
210,-0.20962831,0.80925065,1.8849555,0.10926781,-0.15577261,0,-17.316757567389214,-5803.367755802304
211,0.0,0.5,1.5707963,0.044116855,0.19977103,0,-50.00000000000057,-5853.367755802305
212,0.044116855,0.69977105,1.5707963,-0.09631409,0.1922087,0,-30.345298588226488,-5883.713054390531
213,-0.052197233,0.89197975,1.5707963,-0.039940074,-0.07544831,0,-11.99705486780874,-5895.71010925834
214,-0.09213731,0.8165314,1.5707963,0.07724119,0.112009585,0,-20.530469351158604,-5916.240578609499
215,-0.014896117,0.928541,1.5707963,0.047380865,0.024534289,0,-7.299509963518854,-5923.540088573018
216,0.032484747,0.9530753,1.5707963,0.006220609,0.13383937,0,-5.707172984387458,-5929.247261557404
217,0.038705356,1.0869147,1.5707963,0.1272825,0.09799625,0,-9.514334785697562,-5938.761596343103
218,0.16598785,1.1849109,1.5707963,-0.07087333,0.013520149,0,-24.848335868473367,-5963.609932211576
219,0.09511452,1.198431,1.5707963,0.03792546,-0.06836472,0,-22.004914358547587,-5985.6148465701235
220,0.13303998,1.1300663,1.5707963,0.16596612,-0.06945475,0,-18.605604676365108,-6004.220451246489
221,0.0,0.5,1.8849555,-0.16352437,0.18244773,0,-54.675723436945155,-6058.896174683434
222,-0.16352437,0.68244773,1.8849555,-0.05156686,0.1519883,0,-30.548122615721184,-6089.444297299155
223,-0.21509123,0.83443606,1.8849555,-0.0030783582,-0.02895321,0,-14.974103123385394,-6104.418400422541
224,-0.21816958,0.80548286,1.8849555,-0.0416758,-0.05111926,0,-17.159527240653823,-6121.577927663195
225,-0.25984538,0.7543636,1.8849555,-0.0413998,0.16047679,0,-20.274604077275253,-6141.852531740469
226,-0.30124518,0.9148404,1.8849555,0.1390091,-0.027793001,0,-3.7040640363448016,-6145.556595776814
227,-0.16223608,0.8870474,1.8849555,-0.113377824,-0.06300316,0,-16.013054232468512,-6161.569650009284
228,-0.2756139,0.8240442,1.8849555,0.147589,-0.057113104,0,-13.133122445676939,-6174.702772454961
229,-0.1280249,0.7669311,1.8849555,-0.071521334,0.19354609,0,-25.818653921564312,-6200.521426376525
230,-0.19954625,0.96047723,1.8849555,-0.07310742,-0.10025064,0,-10.987530466486872,-6211.508956843012
231,0.0,0.5,1.5707963,-0.18500711,0.031449415,0,-50.00000000000057,-6261.508956843012
232,-0.18500711,0.53144944,1.5707963,0.18494943,0.15986612,0,-50.37532022022686,-6311.884277063239
233,-5.7682395e-5,0.69131553,1.5707963,0.026698751,0.19829923,0,-30.868447367288233,-6342.752724430527
234,0.026641069,0.88961476,1.5707963,0.14196986,0.14786786,0,-11.355458401247793,-6354.108182831775
235,0.16861093,1.0374826,1.5707963,-0.15463205,0.15313667,0,-17.272685707139196,-6371.380868538914
236,0.013978884,1.1906192,1.5707963,0.09036855,-0.032408796,0,-19.113110166977737,-6390.493978705892
237,0.10434743,1.1582104,1.5707963,-0.13584577,0.01158982,0,-18.952282203482092,-6409.446260909373
238,-0.031498335,1.1698002,1.5707963,0.07636704,-0.01941897,0,-17.269697451095393,-6426.71595836047
239,0.044868708,1.1503812,1.5707963,-0.09897012,-0.023779217,0,-15.693215639500355,-6442.409173999969
240,-0.054101415,1.1266019,1.5707963,0.08698188,-0.13790886,0,-13.767723513327109,-6456.176897513296
241,0.0,0.5,1.8849555,-0.18681861,0.15570372,0,-54.675723436945155,-6510.8526209502415
242,-0.18681861,0.6557037,1.8849555,-0.09771532,0.18347754,0,-31.963372431676007,-6542.815993381918
243,-0.28453392,0.83918124,1.8849555,-0.12560052,0.110725544,0,-11.452292474040531,-6554.268285855958
244,-0.41013443,0.94990677,1.8849555,-0.07468914,0.068572104,0,-10.112402835872576,-6564.380688691831
245,-0.48482358,1.0184789,1.8849555,0.15831567,0.064463906,0,-18.829165105488087,-6583.20985379732
246,-0.32650793,1.0829427,1.8849555,0.19144678,-0.18610837,0,-13.304097140944894,-6596.513950938264
247,-0.13506114,0.8968344,1.8849555,-0.02409859,-0.11128743,0,-18.221049106402734,-6614.735000044668
248,-0.15915973,0.78554696,1.8849555,0.079561405,0.18080522,0,-22.327248916838265,-6637.062248961505
249,-0.07959833,0.96635216,1.8849555,0.0600083,0.19338635,0,-22.99279368289874,-6660.055042644404
250,-0.019590031,1.1597385,1.8849555,0.110988885,0.11613741,0,-35.681383740137946,-6695.736426384542
251,0.0,0.5,2.1991148,-0.16981731,0.14788759,0,-66.40654567629024,-6762.142972060832
252,-0.16981731,0.6478876,2.1991148,-0.19610284,0.151432,0,-44.79506997840386,-6806.938042039236
253,-0.36592016,0.79931957,2.1991148,-0.14915927,0.011190225,0,-22.20768583233875,-6829.145727871575
254,-0.51507944,0.8105098,2.1991148,0.19744325,-0.07051202,0,-7.272106919049823,-6836.4178347906245
255,-0.3176362,0.7399978,2.1991148,0.014065255,-0.13226156,0,-27.882634007524736,-6864.300468798149
256,-0.30357093,0.60773623,2.1991148,0.0055929134,0.13492219,0,-34.82695708984975,-6899.127425887999
257,-0.297978,0.74265844,2.1991148,0.06272817,0.020558469,0,-29.730734176533343,-6928.858160064532
258,-0.23524985,0.7632169,2.1991148,0.01469175,-0.030437462,0,-35.54979777868711,-6964.407957843219
259,-0.22055809,0.73277944,2.1991148,0.11281047,-0.05752904,0,-37.50571994144414,-7001.913677784663
260,-0.10774762,0.6752504,2.1991148,-0.05414294,-0.15171649,0,-49.83267627498149,-7051.7463540596455
261,0.0,0.5,1.8849555,-0.11673547,0.17134011,0,-54.675723436945155,-7106.422077496591
262,-0.11673547,0.6713401,1.8849555,-0.17005876,0.13244946,0,-33.94310621831135,-7140.365183714902
263,-0.28679425,0.80378956,1.8849555,0.06853341,-0.019096302,0,-14.893425686160095,-7155.258609401062
264,-0.21826082,0.78469324,1.8849555,0.012732146,0.09060302,0,-18.950836453042662,-7174.209445854104
265,-0.20552868,0.87529624,1.8849555,-0.15428503,0.061169676,0,-12.82553901374866,-7187.034984867853
266,-0.3598137,0.9364659,1.8849555,0.044884134,0.1907414,0,-5.285069297449343,-7192.320054165302
267,-0.31492954,1.1272073,1.8849555,0.17532896,-0.04371096,0,-17.624994121990532,-7209.945048287293
268,-0.13960059,1.0834963,1.8849555,0.047827665,-0.19493511,0,-21.503999452727037,-7231.4490477400195
269,-0.09177293,0.88856125,1.8849555,0.19801795,-0.06806883,0,-22.605446933798802,-7254.054494673819
270,0.106245026,0.8204924,1.8849555,-0.18636434,-0.18965617,0,-43.5303917938338,-7297.584886467653
271,0.0,0.5,1.5707963,0.13796428,-0.02363935,0,-50.00000000000057,-7347.584886467654
272,0.13796428,0.47636065,1.5707963,-0.070993,0.18607795,0,-54.15092717121286,-7401.735813638866
273,0.06697128,0.66243863,1.5707963,0.024118137,0.19219492,0,-34.41406979592374,-7436.149883434789
274,0.09108941,0.85463357,1.5707963,6.400793e-5,0.1499718,0,-17.15478544935444,-7453.304668884144
275,0.09115342,1.0046054,1.5707963,-0.053023748,0.15108705,0,-9.126961230691107,-7462.431630114836
276,0.038129672,1.1556925,1.5707963,0.103303835,0.13407825,0,-16.02935048159684,-7478.460980596432
277,0.1414335,1.2897707,1.5707963,0.14699554,-0.15543045,0,-32.244454896640846,-7510.705435493073
278,0.28842905,1.1343403,1.5707963,-0.1592082,8.6201835e-5,0,-31.818011689618093,-7542.523447182691
279,0.12922086,1.1344265,1.5707963,0.14439175,0.16272287,0,-18.646310024238293,-7561.16975720693
280,0.27361262,1.2971493,1.5707963,0.13076602,-0.17352206,0,-40.39325816161415,-7601.563015368543
281,0.0,0.5,1.8849555,-0.19259451,0.18908392,0,-54.675723436945155,-7656.2387388054885
282,-0.19259451,0.68908393,1.8849555,0.16997771,0.06312253,0,-28.667722009714563,-7684.906460815203
283,-0.022616804,0.75220644,1.8849555,-0.18841432,0.14055234,0,-34.866373513600976,-7719.7728343288045
284,-0.21103112,0.8927588,1.8849555,-0.11046503,0.1752788,0,-11.401687930036868,-7731.1745222588415
285,-0.32149616,1.0680376,1.8849555,0.14846212,-0.010053151,0,-11.764483005663537,-7742.939005264505
286,-0.17303404,1.0579845,1.8849555,-0.12433153,-0.14905345,0,-17.298824185390274,-7760.237829449895
287,-0.29736558,0.908931,1.8849555,0.13559744,0.06292788,0,-4.370713954743338,-7764.608543404638
288,-0.16176814,0.9718589,1.8849555,0.15485722,-0.03752918,0,-14.871095926244267,-7779.4796393308825
289,-0.00691092,0.93432975,1.8849555,0.13546792,0.0068623465,0,-30.256872706697674,-7809.736512037581
290,0.128557,0.9411921,1.8849555,0.12343523,-0.015266417,0,-43.768511506290764,-7853.505023543871
291,0.0,0.5,1.5707963,-0.08988947,0.18757424,0,-50.00000000000057,-7903.505023543872
292,-0.08988947,0.68757427,1.5707963,0.03356405,0.13560916,0,-32.509993572179944,-7936.015017116051
293,-0.056325417,0.8231834,1.5707963,-0.005890646,-0.16977215,0,-18.557118584797752,-7954.57213570085
294,-0.062216062,0.65341127,1.5707963,0.03939246,0.10984927,0,-35.2128664131973,-7989.785002114047
295,-0.022823602,0.76326054,1.5707963,-0.086235166,0.17661707,0,-23.78371093614147,-8013.568713050188
296,-0.10905877,0.9398776,1.5707963,0.1316029,0.0999971,0,-12.453325142100516,-8026.022038192288
297,0.02254413,1.0398748,1.5707963,0.03682796,0.109890684,0,-4.580647846238241,-8030.602686038526
298,0.05937209,1.1497655,1.5707963,-0.16802609,0.1401453,0,-16.110474394813107,-8046.71316043334
299,-0.108654,1.2899108,1.5707963,-0.130372,0.089796275,0,-30.960293307297764,-8077.673453740637
300,-0.23902601,1.3797071,1.5707963,-0.02436403,-0.19407406,0,-44.86768880195802,-8122.5411425425955
301,0.0,0.5,1.8849555,-0.12882015,0.19566989,0,-54.675723436945155,-8177.216865979541
302,-0.12882015,0.6956699,1.8849555,-0.16507813,0.1651801,0,-31.25591545482107,-8208.472781434362
303,-0.29389828,0.86085,1.8849555,0.10769521,0.010938843,0,-9.14647359898426,-8217.619255033345
304,-0.18620308,0.8717888,1.8849555,-0.17820844,-0.019090336,0,-14.617325409852864,-8232.2365804432
305,-0.36441153,0.85269845,1.8849555,-0.10307974,-0.025184618,0,-11.288434515814151,-8243.525014959014
306,-0.46749127,0.8275138,1.8849555,0.16251513,0.09989865,0,-20.0940083609283,-8263.619023319941
307,-0.30497614,0.92741245,1.8849555,-0.07484285,-0.038034063,0,-2.3986894397149907,-8266.017712759656
308,-0.37981898,0.88937837,1.8849555,-0.07994315,-0.045426227,0,-9.389954561594005,-8275.407667321251
309,-0.45976213,0.8439521,1.8849555,0.008230156,0.038282905,0,-18.49201643742678,-8293.899683758676
310,-0.45153198,0.88223505,1.8849555,-0.04301359,0.12981537,0,-15.826222615836805,-8309.725906374513
311,0.0,0.5,1.5707963,-0.039540112,0.1921842,0,-50.00000000000057,-8359.725906374515
312,-0.039540112,0.6921842,1.5707963,0.090041064,0.194553,0,-31.034494858263002,-8390.760401232777
313,0.05050095,0.8867372,1.5707963,-0.16587105,0.122420594,0,-12.401126620565076,-8403.161527853343
314,-0.1153701,1.0091578,1.5707963,0.040975053,0.05612859,0,-11.573306694600863,-8414.734834547944
315,-0.074395046,1.0652864,1.5707963,0.02521834,0.047535725,0,-9.897953224798222,-8424.632787772742
316,-0.049176708,1.1128222,1.5707963,0.029609665,-0.113626815,0,-12.307395825026624,-8436.940183597768
317,-0.019567043,0.99919534,1.5707963,0.08811936,0.009760402,0,-1.958365625469469,-8438.898549223239
318,0.068552315,1.0089557,1.5707963,-0.112104684,0.0677988,0,-6.913475566985269,-8445.812024790222
319,-0.04355237,1.0767546,1.5707963,-0.062628835,0.05275074,0,-8.825009591065628,-8454.637034381289
320,-0.106181204,1.1295053,1.5707963,-0.045863856,0.043036796,0,-16.74696416414527,-8471.383998545434
321,0.0,0.5,1.8849555,-0.09172311,0.1623121,0,-54.675723436945155,-8526.05972198238
322,-0.09172311,0.6623121,1.8849555,-0.11551142,-0.016111914,0,-36.137234042466474,-8562.196956024845
323,-0.20723453,0.6462002,1.8849555,0.12864962,0.13790403,0,-32.13985990398696,-8594.336815928833
324,-0.07858491,0.7841042,1.8849555,-0.18993856,0.17905821,0,-28.455578813393462,-8622.792394742226
325,-0.26852345,0.9631624,1.8849555,-0.15365544,0.09920257,0,-4.22643464248095,-8627.018829384706
326,-0.4221789,1.062365,1.8849555,-0.12197452,0.033832647,0,-15.87299995284953,-8642.891829337557
327,-0.5441534,1.0961977,1.8849555,0.15808399,-0.040506717,0,-27.632428991227926,-8670.524258328784
328,-0.38606942,1.055691,1.8849555,0.057055686,-0.17012803,0,-12.994404474583234,-8683.518662803368
329,-0.32901374,0.88556296,1.8849555,0.035532124,-0.12523513,0,-6.847832647309484,-8690.366495450677
330,-0.29348162,0.7603278,1.8849555,-0.06509351,0.107034035,0,-19.136037331893753,-8709.502532782572
331,0.0,0.5,1.5707963,0.1412161,0.1870931,0,-50.00000000000057,-8759.502532782572
332,0.1412161,0.6870931,1.5707963,-0.055983916,0.16728011,0,-34.32968198528971,-8793.832214767861
333,0.08523218,0.8543732,1.5707963,0.019553855,0.17245708,0,-16.873550972367298,-8810.70576574023
334,0.10478604,1.0268303,1.5707963,-0.03525923,0.009844649,0,-10.816637118675287,-8821.522402858904
335,0.06952681,1.036675,1.5707963,-0.16188166,-0.0890039,0,-7.860674405148852,-8829.383077264054
336,-0.09235485,0.94767106,1.5707963,0.12129707,0.17416011,0,-10.614966074945931,-8839.998043339
337,0.02894222,1.1218312,1.5707963,-0.18865526,0.0003612285,0,-12.522173860111982,-8852.520217199111
338,-0.15971303,1.1221924,1.5707963,-0.026229464,-0.11641806,0,-20.109513778538716,-8872.62973097765
339,-0.1859425,1.0057743,1.5707963,0.029270895,0.00064403383,0,-18.60322116325414,-8891.232952140905
340,-0.15667161,1.0064183,1.5707963,0.08833073,-0.1361121,0,-15.68031036112322,-8906.913262502028
341,0.0,0.5,1.8849555,-0.18763827,0.10685246,0,-54.675723436945155,-8961.588985938972
342,-0.18763827,0.6068525,1.8849555,-0.18987386,-0.12131629,0,-36.4978387475411,-8998.086824686514
343,-0.37751213,0.4855362,1.8849555,0.12165247,0.16468765,0,-47.05324521210199,-9045.140069898616
344,-0.25585967,0.65022385,1.8849555,-0.12508723,0.19036907,0,-30.549304739183718,-9075.6893746378
345,-0.3809469,0.8405929,1.8849555,0.10615068,-0.010752957,0,-13.181855152843793,-9088.871229790642
346,-0.27479622,0.82983994,1.8849555,0.015970865,-0.09758511,0,-12.595444011714163,-9101.466673802357
347,-0.25882536,0.73225486,1.8849555,0.012719423,0.15110339,0,-22.448467383243766,-9123.915141185602
348,-0.24610594,0.88335824,1.8849555,-0.08426235,0.038787376,0,-9.241674204355263,-9133.156815389957
349,-0.33036828,0.9221456,1.8849555,0.093176454,-0.17945547,0,-3.5940530997942672,-9136.750868489751
350,-0.23719183,0.74269015,1.8849555,-0.09433597,-0.00045606997,0,-22.039827944033345,-9158.790696433784
351,0.0,0.5,1.5707963,0.10541517,0.18184216,0,-50.00000000000057,-9208.790696433785
352,0.10541517,0.68184215,1.5707963,-0.12337933,0.09026947,0,-33.51667664772733,-9242.307373081512
353,-0.017964154,0.7721116,1.5707963,-0.14625593,0.1400856,0,-22.85953604941266,-9265.166909130925
354,-0.16422008,0.9121972,1.5707963,0.13799849,0.057352055,0,-18.62192146140584,-9283.78883059233
355,-0.026221588,0.96954924,1.5707963,0.16651383,0.12917121,0,-4.018487918079207,-9287.80731851041
356,0.14029224,1.0987204,1.5707963,-0.14470784,-0.0011140321,0,-17.154479179190727,-9304.9617976896
357,-0.0044156015,1.0976064,1.5707963,0.13480753,0.01887558,0,-9.770625122996817,-9314.732422812598
358,0.13039193,1.116482,1.5707963,-0.049472537,0.07110527,0,-17.48430593855338,-9332.216728751151
359,0.080919385,1.1875873,1.5707963,-0.020652376,-0.02325606,0,-20.429614584649535,-9352.6463433358
360,0.06026701,1.1643312,1.5707963,-0.093865305,-0.04286471,0,-17.503384188437536,-9370.149727524238
361,0.0,0.5,1.8849555,-0.17489357,0.17828332,0,-54.675723436945155,-9424.825450961183
362,-0.17489357,0.67828333,1.8849555,-0.17114419,-0.09211408,0,-30.39643078275884,-9455.221881743943
363,-0.34603775,0.58616924,1.8849555,0.051947616,0.16396949,0,-36.67605205601506,-9491.897933799957
364,-0.29409012,0.75013876,1.8849555,-0.02207934,0.16788824,0,-20.147149789873527,-9512.04508358983
365,-0.31616947,0.918027,1.8849555,0.077866115,0.051882546,0,-3.3795121516790845,-9515.42459574151
366,-0.23830336,0.96990955,1.8849555,-0.04452358,0.040666975,0,-7.318364767076699,-9522.742960508585
367,-0.28282696,1.0105765,1.8849555,0.15135671,-0.18631682,0,-6.502721925582916,-9529.245682434168
368,-0.13147025,0.82425964,1.8849555,0.13245627,-0.033148378,0,-21.817489090516226,-9551.063171524685
369,0.0009860247,0.79111123,1.8849555,-0.14262831,-0.09805394,0,-34.883282803549776,-9585.946454328234
370,-0.14164229,0.6930573,1.8849555,-0.016997349,-0.002058863,0,-30.753517502381488,-9616.699971830616
371,0.0,0.5,1.5707963,0.051284462,0.19336171,0,-50.00000000000057,-9666.699971830616
372,0.051284462,0.6933617,1.5707963,0.028435446,-0.040279154,0,-31.089730716839597,-9697.789702547456
373,0.07971991,0.65308255,1.5707963,0.047985338,0.19978642,0,-35.595922405664616,-9733.38562495312
374,0.12770525,0.852869,1.5707963,-0.14792265,0.059681367,0,-19.482337995474975,-9752.867962948596
375,-0.020217404,0.91255033,1.5707963,0.04070114,0.18648998,0,-8.975628792844697,-9761.84359174144
376,0.020483736,1.0990403,1.5707963,-0.1656723,-0.023987263,0,-10.113632086328954,-9771.95722382777
377,-0.14518857,1.075053,1.5707963,0.04731418,0.15969677,0,-16.34401789213268,-9788.301241719902
378,-0.09787439,1.2347498,1.5707963,0.047304597,0.010362594,0,-25.433614845386877,-9813.73485656529
379,-0.05056979,1.2451124,1.5707963,-0.043067012,-0.106484465,0,-25.027466800232673,-9838.762323365521
380,-0.0936368,1.138628,1.5707963,0.15928915,-0.028492013,0,-16.728893902118493,-9855.491217267641
381,0.0,0.5,1.8849555,-0.18103725,0.17520025,0,-54.675723436945155,-9910.166940704587
382,-0.18103725,0.6752002,1.8849555,0.031143028,0.19952042,0,-30.40978619833195,-9940.576726902918
383,-0.14989422,0.87472063,1.8849555,0.0048841434,0.18201704,0,-17.648572415307786,-9958.225299318225
384,-0.14501008,1.0567377,1.8849555,-0.14750955,-0.09554915,0,-19.51070199396349,-9977.736001312189
385,-0.29251963,0.9611885,1.8849555,-0.039371666,0.06865831,0,-1.9360213932928982,-9979.672022705481
386,-0.3318913,1.0298468,1.8849555,-0.027685056,0.14784294,0,-8.204352029770385,-9987.876374735251
387,-0.35957634,1.1776898,1.8849555,-0.038413957,-0.1844069,0,-23.220440006633343,-10011.096814741886
388,-0.3979903,0.9932829,1.8849555,0.016639575,-0.026604844,0,-9.848513849638318,-10020.945328591524
389,-0.3813507,0.9666781,1.8849555,-0.089949906,-0.14439352,0,-7.400138135442674,-10028.345466726967
390,-0.4713006,0.8222846,1.8849555,0.079919405,0.06866096,0,-20.716709160478526,-10049.062175887446
391,0.0,0.5,1.5707963,-0.026676727,0.19976307,0,-50.00000000000057,-10099.062175887446
392,-0.026676727,0.69976306,1.5707963,0.10308807,0.155473,0,-30.141976077736633,-10129.204151965183
393,0.076411344,0.85523605,1.5707963,-0.051405847,0.18920809,0,-16.36926454882014,-10145.573416514002
394,0.025005497,1.0444441,1.5707963,-0.072617285,0.18159388,0,-5.099556572783899,-10150.672973086786
395,-0.047611788,1.226038,1.5707963,0.18861148,-0.06393392,0,-23.099796004516158,-10173.772769091302
396,0.14099969,1.162104,1.5707963,-0.11207883,0.0884326,0,-21.484552927952222,-10195.257322019255
397,0.02892086,1.2505366,1.5707963,0.047625232,-0.15466465,0,-25.22002778109548,-10220.47734980035
398,0.07654609,1.0958719,1.5707963,-0.00032592344,-0.05083892,0,-12.268136810365588,-10232.745486610716
399,0.07622016,1.045033,1.5707963,-0.11509881,0.072041765,0,-8.852949074514052,-10241.59843568523
400,-0.03887865,1.1170747,1.5707963,-0.10268657,-0.06516652,0,-12.336144938546017,-10253.934580623776
401,0.0,0.5,1.8849555,-0.10347023,0.18423025,0,-54.675723436945155,-10308.610304060721
402,-0.10347023,0.68423027,1.8849555,-0.19585958,0.19346075,0,-33.68170292928021,-10342.292006990001
403,-0.29932982,0.87769103,1.8849555,-0.08777889,0.0078883,0,-7.400228638131913,-10349.692235628134
404,-0.3871087,0.88557935,1.8849555,0.07921662,0.08075758,0,-10.190970184769323,-10359.883205812903
405,-0.30789208,0.9663369,1.8849555,-0.08294264,-0.114434734,0,-1.5321713051292234,-10361.415377118032
406,-0.39083472,0.8519022,1.8849555,0.12234618,-0.015688999,0,-12.855245703906878,-10374.270622821938
407,-0.26848853,0.8362132,1.8849555,0.037416156,0.073962756,0,-12.17848588709095,-10386.44910870903
408,-0.23107237,0.9101759,1.8849555,-0.15766135,-0.13053177,0,-8.801467022045134,-10395.250575731074
409,-0.3887337,0.77964413,1.8849555,0.11373853,0.084648564,0,-18.90422636601556,-10414.15480209709
410,-0.27499518,0.8642927,1.8849555,0.112600155,0.03694112,0,-9.319574929315099,-10423.474377026405
411,0.0,0.5,1.5707963,0.059223894,0.18976942,0,-50.00000000000057,-10473.474377026405
412,0.059223894,0.6897694,1.5707963,0.004520232,0.19802241,0,-31.583301564551174,-10505.057678590956
413,0.06374413,0.8877918,1.5707963,-0.119707145,0.14801401,0,-12.905030630564857,-10517.962709221521
414,-0.055963017,1.0358058,1.5707963,0.14136244,-0.12080484,0,-6.6437373327067135,-10524.606446554228
415,0.08539943,0.915001,1.5707963,-0.034634784,0.19958442,0,-12.04901796143005,-10536.65546451566
416,0.050764643,1.1145854,1.5707963,-0.15277429,0.059097964,0,-12.532699264950958,-10549.18816378061
417,-0.10200965,1.1736834,1.5707963,0.19001716,0.10007258,0,-20.14246969635102,-10569.33063347696
418,0.08800752,1.273756,1.5707963,0.053941365,-0.10116696,0,-28.755464216027903,-10598.086097692989
419,0.14194888,1.1725891,1.5707963,-0.08742139,-0.153533,0,-22.34646451648349,-10620.432562209471
420,0.05452749,1.0190561,1.5707963,-0.16112174,0.14956789,0,-5.776134806202222,-10626.208697015674
421,0.0,0.5,1.8849555,-0.15881473,0.08628491,0,-54.675723436945155,-10680.88442045262
422,-0.15881473,0.58628494,1.8849555,-0.1511823,0.1508081,0,-39.44857776692999,-10720.33299821955
423,-0.30999702,0.73709303,1.8849555,-0.03550152,0.15211067,0,-21.396575326476626,-10741.729573546027
424,-0.34549853,0.88920367,1.8849555,-0.057187907,-0.1009236,0,-7.181005613664768,-10748.91057915969
425,-0.40268645,0.78828007,1.8849555,0.09657352,0.17704275,0,-18.78035015957965,-10767.69092931927
426,-0.30611295,0.96532285,1.8849555,-0.01655058,-0.018832138,0,-1.455887582762992,-10769.146816902034
427,-0.32266352,0.9464907,1.8849555,0.06155654,-0.026704501,0,-1.4390128533017532,-10770.585829755335
428,-0.26110697,0.9197862,1.8849555,0.18334188,-0.0805202,0,-5.721187767043332,-10776.307017522378
429,-0.07776509,0.839266,1.8849555,0.082159474,0.038161535,0,-25.685510081100098,-10801.99252760348
430,0.0043943822,0.8774275,1.8849555,0.04879364,0.14786617,0,-32.19439261768624,-10834.186920221164
431,0.0,0.5,1.5707963,-0.021591293,-0.010516111,0,-50.00000000000057,-10884.186920221166
432,-0.021591293,0.4894839,1.5707963,0.055354238,0.18337794,0,-51.09724872935353,-10935.284168950519
433,0.033762947,0.6728618,1.5707963,-0.15862845,0.19502866,0,-32.887584874301965,-10968.171753824821
434,-0.1248655,0.8678905,1.5707963,-0.06606215,-0.15410286,0,-18.1781017967277,-10986.349855621549
435,-0.19092765,0.7137876,1.5707963,0.18412617,0.1449495,0,-34.405076259191716,-11020.75493188074
436,-0.006801486,0.8587371,1.5707963,-0.03225918,0.1884484,0,-14.142653577656915,-11034.897585458397
437,-0.039060667,1.0471855,1.5707963,0.1441657,0.18458058,0,-6.125534116029229,-11041.023119574425
438,0.10510503,1.2317661,1.5707963,0.018573776,-0.040506613,0,-25.448492732221222,-11066.471612306646
439,0.1236788,1.1912595,1.5707963,-0.15155591,0.10720603,0,-22.776440760927024,-11089.248053067575
440,-0.027877107,1.2984655,1.5707963,-0.10986483,0.007817143,0,-29.976455134533158,-11119.224508202107
441,0.0,0.5,1.8849555,-0.07328851,0.16518988,0,-54.675723436945155,-11173.900231639052
442,-0.07328851,0.66518986,1.8849555,-0.18963642,0.077746816,0,-37.05234845791024,-11210.952580096962
443,-0.26292494,0.7429367,1.8849555,-0.15016647,0.01302527,0,-21.31627377465343,-11232.268853871616
444,-0.41309142,0.75596195,1.8849555,0.16811723,0.19962023,0,-22.11185072800731,-11254.380704599624
445,-0.2449742,0.9555822,1.8849555,-0.025990704,0.00885543,0,-6.420245367342001,-11260.800949966966
446,-0.2709649,0.9644376,1.8849555,-0.103762195,-0.0260901,0,-4.0336231272544065,-11264.83457309422
447,-0.37472707,0.9383475,1.8849555,0.13647002,-0.08634227,0,-6.692787211662095,-11271.527360305881
448,-0.23825705,0.85200524,1.8849555,-0.10317004,-0.03139505,0,-12.172970780214811,-11283.700331086096
449,-0.3414271,0.82061017,1.8849555,-0.15509854,-0.12450304,0,-13.441232861873518,-11297.141563947971
450,-0.49652565,0.69610715,1.8849555,-0.022533236,0.0130629,0,-31.647860171629695,-11328.7894241196
451,0.0,0.5,1.5707963,0.054787945,0.19675681,0,-50.00000000000057,-11378.7894241196
452,0.054787945,0.69675684,1.5707963,-0.05861133,0.19714618,0,-30.815276224935502,-11409.604700344536
453,-0.0038233846,0.893903,1.5707963,-0.18820709,0.00028911215,0,-10.616585439677612,-11420.221285784213
454,-0.19203047,0.8941921,1.5707963,-0.15990593,-0.1045411,0,-21.925109792741175,-11442.146395576956
455,-0.3519364,0.789651,1.5707963,0.17299443,0.19298373,0,-41.000731013276074,-11483.147126590231
456,-0.17894197,0.9826347,1.5707963,0.17094906,0.18109316,0,-17.978266527470826,-11501.125393117702
457,-0.007992908,1.1637279,1.5707963,0.06621419,0.15963466,0,-16.392286699674013,-11517.517679817376
458,0.05822128,1.3233626,1.5707963,0.18075925,-0.18609025,0,-32.85621289944478,-11550.373892716822
459,0.23898053,1.1372724,1.5707963,-0.064777836,0.0070327944,0,-27.559999763710692,-11577.93389248053
460,0.1742027,1.1443051,1.5707963,0.15219326,-0.19010116,0,-22.620901303312642,-11600.554793783844
461,0.0,0.5,1.8849555,-0.15605594,0.16164294,0,-54.675723436945155,-11655.230517220789
462,-0.15605594,0.6616429,1.8849555,-0.15757251,0.16222751,0,-32.73489232494926,-11687.965409545739
463,-0.31362844,0.8238704,1.8849555,-0.08301033,0.09365285,0,-12.726969343773739,-11700.692378889513
464,-0.39663875,0.91752326,1.8849555,0.06142547,-0.022032596,0,-9.381930391493643,-11710.074309281006
465,-0.33521327,0.89549065,1.8849555,0.06822327,0.1758857,0,-6.143139493586092,-11716.217448774592
466,-0.26699,1.0713763,1.8849555,-0.11189785,-0.079921894,0,-12.744847500419596,-11728.96229627501
467,-0.37888786,0.9914544,1.8849555,0.06543561,-0.10796506,0,-8.070894763141075,-11737.033191038154
468,-0.31345224,0.8834894,1.8849555,0.13125178,0.15637647,0,-6.771258605414121,-11743.804449643567
469,-0.18220046,1.0398659,1.8849555,0.13296415,-0.09953607,0,-15.48209085750922,-11759.286540501076
470,-0.049236313,0.9403298,1.8849555,-0.07083623,0.01976849,0,-26.000199831999637,-11785.286740333077
471,0.0,0.5,1.5707963,-0.065009385,0.17542608,0,-50.00000000000057,-11835.286740333077
472,-0.065009385,0.67542607,1.5707963,0.13537744,0.19265543,0,-33.10203448164521,-11868.38877481472
473,0.07036805,0.8680815,1.5707963,0.014832655,-0.033973422,0,-14.951300959083868,-11883.340075773805
474,0.085200705,0.8341081,1.5707963,-0.10786372,0.17837758,0,-18.649199705451426,-11901.989275479256
475,-0.022663012,1.0124857,1.5707963,-0.120227635,0.0793065,0,-2.5874877953273177,-11904.576763274585
476,-0.14289065,1.0917922,1.5707963,-0.101466134,0.108758256,0,-16.983395218731943,-11921.560158493316
477,-0.24435678,1.2005504,1.5707963,-0.052879307,-0.10693554,0,-31.611825509958848,-11953.171984003275
478,-0.29723608,1.0936149,1.5707963,0.19999394,0.06877499,0,-31.162973428345232,-11984.33495743162
479,-0.09724215,1.1623899,1.5707963,-0.045397058,-0.025130818,0,-18.927895052141814,-12003.262852483762
480,-0.1426392,1.137259,1.5707963,-0.15671757,-0.14079285,0,-19.7954538130294,-12023.05830629679
481,0.0,0.5,1.8849555,-0.093759365,0.19385755,0,-54.675723436945155,-12077.734029733736
482,-0.093759365,0.69385755,1.8849555,-0.18395841,0.09753339,0,-33.53910327622368,-12111.27313300996
483,-0.27771777,0.79139096,1.8849555,0.09378335,0.18526523,0,-16.27044473171909,-12127.543577741679
484,-0.18393442,0.9766562,1.8849555,-0.11773443,-0.09190436,0,-12.767529119771973,-12140.31110686145
485,-0.30166885,0.88475186,1.8849555,-0.04316764,0.09741361,0,-6.671061018522467,-12146.982167879973
486,-0.3448365,0.98216546,1.8849555,-0.19155931,0.0048583513,0,-4.744265530024777,-12151.726433409998
487,-0.5363958,0.98702383,1.8849555,0.13805217,-0.10171156,0,-23.0205962629248,-12174.747029672923
488,-0.39834362,0.88531226,1.8849555,0.018016651,0.04096257,0,-11.091242566682382,-12185.838272239605
489,-0.380327,0.92627484,1.8849555,0.1536519,0.013482391,0,-7.549341117639758,-12193.387613357245
490,-0.2266751,0.9397572,1.8849555,0.07215691,-0.011475038,0,-8.311350481960094,-12201.698963839204
491,0.0,0.5,1.5707963,0.10819725,0.19822724,0,-50.00000000000057,-12251.698963839206
492,0.10819725,0.6982272,1.5707963,-0.11296856,0.1704323,0,-32.05829614008942,-12283.757259979295
493,-0.004771307,0.8686595,1.5707963,0.024832431,0.15017308,0,-13.142714332371163,-12296.899974311666
494,0.020061124,1.0188326,1.5707963,0.118848205,0.007426712,0,-2.751565285088537,-12299.651539596754
495,0.13890933,1.0262593,1.5707963,-0.061402176,0.028952321,0,-14.136948255253282,-12313.788487852009
496,0.07750715,1.0552117,1.5707963,-0.04633452,0.044092547,0,-9.516130960167231,-12323.304618812175
497,0.031172633,1.0993042,1.5707963,-0.070759095,-0.012242955,0,-10.408195008917223,-12333.712813821092
498,-0.039586462,1.0870613,1.5707963,-0.08186946,0.024978781,0,-9.56387027967574,-12343.276684100769
499,-0.12145592,1.11204,1.5707963,0.16024436,-0.090486534,0,-16.524082640714184,-12359.800766741482
500,0.038788438,1.0215535,1.5707963,0.012377968,0.121889815,0,-4.4374442217619885,-12364.238210963245
501,0.0,0.5,1.8849555,-0.13616867,0.1838304,0,-54.675723436945155,-12418.91393440019
502,-0.13616867,0.6838304,1.8849555,-0.1653194,0.17835784,0,-31.82551563995809,-12450.739450040148
503,-0.30148807,0.8621882,1.8849555,0.02439301,0.029230442,0,-8.918667053183176,-12459.658117093331
504,-0.27709505,0.89141864,1.8849555,-0.015765065,-0.015701547,0,-6.764382373156791,-12466.42249946649
505,-0.29286012,0.8757171,1.8849555,-0.028259091,0.1553875,0,-7.705240819256434,-12474.127740285745
506,-0.32111922,1.0311046,1.8849555,0.043427963,0.020343656,0,-8.095771326779731,-12482.223511612525
507,-0.27769125,1.0514482,1.8849555,-0.19485784,-0.19836274,0,-10.516553598627118,-12492.740065211152
508,-0.47254908,0.8530855,1.8849555,-0.009270057,0.06523944,0,-19.063336878312555,-12511.803402089465
509,-0.48181915,0.91832495,1.8849555,0.007204525,0.06842082,0,-17.58748443871782,-12529.390886528183
510,-0.47461462,0.9867458,1.8849555,0.19203389,0.102905355,0,-16.93998588550666,-12546.33087241369
511,0.0,0.5,2.1991148,-0.18014468,0.13331345,0,-66.40654567629024,-12612.737418089979
512,-0.18014468,0.6333134,2.1991148,0.12703492,0.025190828,0,-44.389472692055875,-12657.126890782036
513,-0.053109765,0.65850425,2.1991148,-0.19015269,0.01679298,0,-55.54564730283536,-12712.672538084871
514,-0.24326245,0.6752972,2.1991148,-0.13408722,0.07782061,0,-36.95631158193299,-12749.628849666804
515,-0.37734967,0.7531178,2.1991148,0.12960395,-0.082402125,0,-21.773337964427014,-12771.40218763123
516,-0.24774572,0.6707157,2.1991148,-0.08983667,-0.14201182,0,-36.708866609082904,-12808.111054240313
517,-0.3375824,0.52870387,2.1991148,-0.0785064,-0.04029195,0,-37.57351218874843,-12845.684566429061
518,-0.41608882,0.4884119,2.1991148,-0.01153346,0.1751474,0,-36.36856765761946,-12882.053134086682
519,-0.4276223,0.6635593,2.1991148,0.12023487,-0.01893751,0,-21.635639891749186,-12903.68877397843
520,-0.3073874,0.6446218,2.1991148,0.07459344,0.067875944,0,-32.50364550079714,-12936.192419479228
521,0.0,0.5,1.8849555,-0.04795798,0.12489108,0,-54.675723436945155,-12990.868142916173
522,-0.04795798,0.6248911,1.8849555,-0.13130143,0.19402808,0,-41.77746705434574,-13032.64560997052
523,-0.17925942,0.8189192,1.8849555,-0.16099131,0.12109346,0,-18.51952924440648,-13051.165139214925
524,-0.34025073,0.94001263,1.8849555,0.08599616,0.05016603,0,-3.3128799379074896,-13054.478019152833
525,-0.25425458,0.99017864,1.8849555,-0.049962685,-0.1164762,0,-6.730122971162192,-13061.208142123995
526,-0.30421728,0.87370247,1.8849555,-0.16408542,0.040049557,0,-7.750283520968733,-13068.958425644963
527,-0.4683027,0.913752,1.8849555,0.11210491,0.03710762,0,-16.359577828916173,-13085.31800347388
528,-0.35619777,0.95085967,1.8849555,0.07967621,0.16510788,0,-4.718124218452486,-13090.036127692332
529,-0.27652156,1.1159675,1.8849555,0.016468272,-0.084898524,0,-16.80820585621611,-13106.844333548548
530,-0.26005328,1.031069,1.8849555,0.18995744,-0.18715024,0,-9.38053345311092,-13116.22486700166
531,0.0,0.5,2.1991148,-0.18143615,0.19584505,0,-66.40654567629024,-13182.631412677949
532,-0.18143615,0.69584507,2.1991148,-0.11653803,-0.04724741,0,-42.18144421489704,-13224.812856892846
533,-0.29797417,0.64859766,2.1991148,-0.18511708,0.014868464,0,-33.12473255876226,-13257.937589451609
534,-0.48309124,0.6634661,2.1991148,-0.04867614,0.19211839,0,-17.929274785342834,-13275.866864236952
535,-0.53176737,0.8555845,2.1991148,-0.04613344,0.09046614,0,-7.284591779492904,-13283.151456016445
536,-0.5779008,0.94605064,2.1991148,-0.15691578,0.124666184,0,-13.738966256852722,-13296.890422273296
537,-0.7348166,1.0707169,2.1991148,0.13346587,-0.18537016,0,-30.01750399957608,-13326.907926272874
538,-0.6013507,0.8853467,2.1991148,0.11157255,-0.16186656,0,-7.752579069275904,-13334.66050534215
539,-0.48977816,0.72348017,2.1991148,0.011888579,-0.024566868,0,-13.008430806866823,-13347.668936149015
540,-0.47788957,0.6989133,2.1991148,0.012299157,-0.023392426,0,-15.556309700414594,-13363.225245849431
541,0.0,0.5,1.8849555,-0.04206748,0.08908933,0,-54.675723436945155,-13417.900969286376
542,-0.04206748,0.58908933,1.8849555,-0.13598679,0.1719803,0,-44.97580175558332,-13462.87677104196
543,-0.17805427,0.76106966,1.8849555,-0.14378668,0.16860607,0,-23.07514619927724,-13485.951917241237
544,-0.32184094,0.9296757,1.8849555,-0.07611295,0.12391069,0,-2.493181384651045,-13488.445098625887
545,-0.3979539,1.0535864,1.8849555,-0.119029924,0.10773617,0,-13.572820886687353,-13502.017919512575
546,-0.5169838,1.1613226,1.8849555,0.17189479,-0.106778644,0,-29.573980100094854,-13531.59189961267
547,-0.34508902,1.054544,1.8849555,0.1603134,-0.025533674,0,-10.959399255370062,-13542.551298868038
548,-0.18477562,1.0290103,1.8849555,0.040598024,0.116555765,0,-14.667206350773412,-13557.218505218812
549,-0.1441776,1.1455661,1.8849555,0.15031174,-0.1795166,0,-25.49627030536683,-13582.714775524179
550,0.0061341375,0.9660495,1.8849555,0.073059544,0.06826649,0,-31.550751520931737,-13614.26552704511
551,0.0,0.5,1.5707963,-0.06267618,0.17556134,0,-50.00000000000057,-13664.265527045112
552,-0.06267618,0.6755613,1.5707963,-0.002474784,0.17187805,0,-33.04372510231098,-13697.309252147423
553,-0.06515096,0.84743935,1.5707963,-0.019560853,0.19019955,0,-16.58897523025815,-13713.898227377682
554,-0.08471181,1.0376389,1.5707963,-0.10890696,-0.016312987,0,-9.26973082197546,-13723.167958199656
555,-0.19361877,1.021326,1.5707963,0.14627495,0.15692055,0,-19.478977131206676,-13742.646935330864
556,-0.04734382,1.1782465,1.5707963,-0.18080753,-0.025344102,0,-18.442683796081845,-13761.089619126946
557,-0.22815135,1.1529024,1.5707963,0.04882866,0.05672213,0,-27.464924294581394,-13788.554543421526
558,-0.17932269,1.2096245,1.5707963,0.09169719,-0.12006473,0,-27.586064825221175,-13816.140608246747
559,-0.087625496,1.0895598,1.5707963,-0.079251096,0.009610853,0,-12.529643810903304,-13828.670252057651
560,-0.16687658,1.0991707,1.5707963,-0.1547272,-0.1887037,0,-19.41201800664248,-13848.082270064293
561,0.0,0.5,1.8849555,-0.15024807,0.1876977,0,-54.675723436945155,-13902.757993501238
562,-0.15024807,0.6876977,1.8849555,0.12425715,0.080277406,0,-30.751492728985895,-13933.509486230225
563,-0.025990918,0.7679751,1.8849555,-0.19856524,0.16077389,0,-33.70794376514723,-13967.217429995371
564,-0.22455616,0.92874897,1.8849555,0.070679836,0.035588093,0,-8.735703322305364,-13975.953133317676
565,-0.15387633,0.96433705,1.8849555,-0.1760363,-0.07505072,0,-15.570799719609644,-13991.523933037286
566,-0.32991263,0.88928634,1.8849555,0.19716851,-0.059355047,0,-6.520879961528774,-13998.044812998814
567,-0.13274412,0.8299313,1.8849555,-0.09963703,0.021864414,0,-21.387713259659463,-14019.432526258475
568,-0.23238115,0.85179573,1.8849555,0.075542025,0.061365034,0,-12.540236265587975,-14031.972762524063
569,-0.15683913,0.91316074,1.8849555,-0.11620161,0.0491133,0,-15.682530923874644,-14047.655293447937
570,-0.27304074,0.962274,1.8849555,-0.1885315,0.02223383,0,-3.768446369064819,-14051.423739817003
571,0.0,0.5,2.1991148,-0.19219407,0.018283332,0,-66.40654567629024,-14117.830285493292
572,-0.19219407,0.5182833,2.1991148,-0.17641015,0.11556,0,-49.09362562796623,-14166.92391112126
573,-0.36860424,0.6338433,2.1991148,-0.17044576,0.099781565,0,-28.058173546013908,-14194.982084667272
574,-0.53905,0.7336249,2.1991148,0.032398153,-0.14553773,0,-8.977244939653115,-14203.959329606925
575,-0.5066518,0.58808714,2.1991148,-0.04465575,0.124896005,0,-23.535638196249685,-14227.494967803175
576,-0.55130756,0.71298313,2.1991148,-0.09017514,-0.08937225,0,-10.272838733900779,-14237.767806537076
577,-0.6414827,0.62361085,2.1991148,0.18348192,0.08884356,0,-19.302555329383512,-14257.07036186646
578,-0.45800078,0.71245444,2.1991148,0.12591499,0.0023470207,0,-16.17662532161169,-14273.246987188071
579,-0.3320858,0.71480143,2.1991148,0.09186491,0.18650724,0,-27.250459659928072,-14300.497446848
580,-0.24022087,0.90130866,2.1991148,-0.19852307,-0.025511632,0,-35.96090915337107,-14336.45835600137
581,0.0,0.5,1.8849555,-0.12492305,0.1494049,0,-54.675723436945155,-14391.134079438316
582,-0.12492305,0.6494049,1.8849555,-0.1935069,0.19622841,0,-35.338970447562616,-14426.473049885879
583,-0.31842995,0.84563327,1.8849555,0.028340518,0.03681853,0,-10.584267026813327,-14437.057316912691
584,-0.29008943,0.8824518,1.8849555,0.065536685,0.057794575,0,-7.116786428252972,-14444.174103340945
585,-0.22455275,0.94024634,1.8849555,-0.09618005,0.1714721,0,-8.515315697241897,-14452.689419038186
586,-0.3207328,1.1117184,1.8849555,-0.12018521,-0.17517245,0,-16.108848444513292,-14468.7982674827
587,-0.44091803,0.93654597,1.8849555,-0.0005745334,-0.02785009,0,-13.26968463154667,-14482.067952114247
588,-0.44149256,0.9086959,1.8849555,0.19741115,-0.031990703,0,-13.908347944552194,-14495.9763000588
589,-0.24408141,0.87670517,1.8849555,0.03546312,0.07271595,0,-9.871550030958486,-14505.847850089758
590,-0.20861828,0.9494211,1.8849555,-0.09539527,-0.003253075,0,-10.04119789139075,-14515.889047981149
591,0.0,0.5,1.5707963,0.025789948,0.18062809,0,-50.00000000000057,-14565.889047981149
592,0.025789948,0.68062806,1.5707963,-0.08361721,0.1940153,0,-32.041153656734856,-14597.930201637882
593,-0.057827264,0.8746433,1.5707963,-0.024658004,0.13261272,0,-13.805179088525193,-14611.735380726408
594,-0.082485266,1.007256,1.5707963,-0.056017254,0.0950357,0,-8.28038740237926,-14620.015768128787
595,-0.13850252,1.1022917,1.5707963,0.18924363,0.058315255,0,-17.2181771460037,-14637.233945274791
596,0.050741106,1.160607,1.5707963,-0.0079802545,-0.13604853,0,-16.843174977633755,-14654.077120252425
597,0.042760853,1.0245584,1.5707963,-0.02545471,0.12412535,0,-4.931125941419738,-14659.008246193845
598,0.017306143,1.1486838,1.5707963,0.17931496,-0.13231583,0,-14.968756903222925,-14673.977003097069
599,0.1966211,1.0163679,1.5707963,-0.15755874,0.09881593,0,-19.730113487946912,-14693.707116585014
600,0.039062366,1.1151838,1.5707963,0.16168933,0.19308433,0,-12.162720618467477,-14705.869837203481
601,0.0,0.5,1.8849555,-0.13520645,0.1704462,0,-54.675723436945155,-14760.545560640428
602,-0.13520645,0.6704462,1.8849555,-0.14161795,0.1942341,0,-33.007914534115535,-14793.553475174544
603,-0.2768244,0.8646803,1.8849555,-0.00713854,-0.09498874,0,-9.218034173729844,-14802.771509348273
604,-0.28396297,0.7696915,1.8849555,-0.11072268,0.18192214,0,-18.308732833509296,-14821.080242181783
605,-0.39468566,0.95161366,1.8849555,0.041676987,0.037771687,0,-8.567052439411968,-14829.647294621194
606,-0.35300866,0.98938537,1.8849555,0.07564866,-0.005163392,0,-5.8346978490377195,-14835.481992470231
607,-0.27736,0.984222,1.8849555,-0.17897324,-0.028627543,0,-4.5848772336500225,-14840.066869703882
608,-0.45633322,0.9555945,1.8849555,0.16273983,-0.08202031,0,-14.738615395215263,-14854.805485099096
609,-0.2935934,0.87357414,1.8849555,0.045981567,-0.01723417,0,-7.90025831351152,-14862.705743412607
610,-0.24761184,0.85634,1.8849555,-0.16002554,-0.05722355,0,-11.287963435215083,-14873.993706847823
611,0.0,0.5,1.5707963,-0.0014988226,0.18984766,0,-50.00000000000057,-14923.993706847825
612,-0.0014988226,0.68984765,1.5707963,-0.104790725,0.16877635,0,-31.015597375743887,-14955.009304223568
613,-0.10628955,0.858624,1.5707963,0.089253515,0.18240033,0,-17.68747105805877,-14972.696775281627
614,-0.017036036,1.0410243,1.5707963,0.026465276,-0.16659665,0,-4.442099179333399,-14977.13887446096
615,0.009429241,0.8744277,1.5707963,0.08983262,0.18632342,0,-12.592584190238052,-14989.731458651198
616,0.09926186,1.0607511,1.5707963,-0.12837502,0.02956715,0,-11.637695288789176,-15001.369153939988
617,-0.029113166,1.0903182,1.5707963,0.18826978,0.12852488,0,-9.489446043196388,-15010.858599983183
618,0.15915662,1.2188431,1.5707963,-0.008212029,0.06867762,0,-27.059768903296728,-15037.91836888648
619,0.15094459,1.2875208,1.5707963,0.10202336,0.14411835,0,-32.47344109570718,-15070.391809982188
620,0.25296795,1.4316391,1.5707963,0.059640076,0.05333068,0,-50.0304945708966,-15120.422304553083
621,0.0,0.5,1.8849555,-0.15728047,0.18549384,0,-54.675723436945155,-15175.098027990029
622,-0.15728047,0.6854938,1.8849555,-0.07751603,0.12502414,0,-30.58553749044951,-15205.683565480478
623,-0.2347965,0.81051797,1.8849555,0.00074162555,-0.02378802,0,-15.893321108383333,-15221.576886588862
624,-0.23405486,0.78672993,1.8849555,0.15509076,-0.017844714,0,-18.061712964994026,-15239.638599553855
625,-0.0789641,0.7688852,1.8849555,-0.14203435,0.19460298,0,-29.344626380381982,-15268.983225934238
626,-0.22099845,0.96348816,1.8849555,-0.045028053,-0.032291956,0,-8.889207008754536,-15277.872432942993
627,-0.2660265,0.9311962,1.8849555,0.19302653,0.0003683976,0,-4.735621451624119,-15282.608054394617
628,-0.07299997,0.9315646,1.8849555,-0.07059907,-0.14705014,0,-23.682049433834198,-15306.29010382845
629,-0.14359903,0.7845145,1.8849555,-0.044174165,0.07224713,0,-23.47324867064503,-15329.763352499096
630,-0.1877732,0.85676163,1.8849555,0.06315968,-0.16977748,0,-15.359549133034664,-15345.12290163213
631,0.0,0.5,1.5707963,-0.067250386,0.05700726,0,-50.00000000000057,-15395.122901632132
632,-0.067250386,0.55700725,1.5707963,0.05324819,0.19563629,0,-44.806829646782695,-15439.929731278915
633,-0.0140021965,0.7526435,1.5707963,0.039437838,0.19084246,0,-24.775247536246344,-15464.70497881516
634,0.025435641,0.943486,1.5707963,0.18037884,0.1892535,0,-6.197421241820363,-15470.90240005698
635,0.20581448,1.1327394,1.5707963,-0.0638022,-0.09967269,0,-24.49067665325168,-15495.393076710232
636,0.14201228,1.0330667,1.5707963,-0.10120471,0.17718452,0,-14.581110062485445,-15509.974186772719
637,0.040807575,1.2102513,1.5707963,0.079192966,-0.11838012,0,-21.41748686012173,-15531.39167363284
638,0.12000054,1.0918713,1.5707963,-0.056013685,-0.17625922,0,-15.11305411838654,-15546.504727751226
639,0.06398685,0.91561204,1.5707963,-0.103456445,0.08887886,0,-10.590389572083932,-15557.09511732331
640,-0.039469592,1.0044909,1.5707963,-0.14167215,0.06213581,0,-3.972433043925225,-15561.067550367236
641,0.0,0.5,1.8849555,-0.13262466,0.18969719,0,-54.675723436945155,-15615.74327380418
642,-0.13262466,0.6896972,1.8849555,-0.15861054,0.18692751,0,-31.531403454881136,-15647.274677259062
643,-0.2912352,0.8766247,1.8849555,-0.0323016,-0.008940244,0,-7.652639009546398,-15654.927316268608
644,-0.3235368,0.8676845,1.8849555,0.17621365,0.012803982,0,-8.46269840854075,-15663.390014677148
645,-0.14732316,0.88048846,1.8849555,0.07836657,0.015425394,0,-17.642203261874954,-15681.032217939024
646,-0.06895659,0.89591384,1.8849555,-0.07274502,-0.011785739,0,-24.631217984191444,-15705.663435923216
647,-0.14170161,0.8841281,1.8849555,-0.026551886,0.17882265,0,-18.02049886713257,-15723.683934790348
648,-0.1682535,1.0629507,1.8849555,-0.075571775,-0.19471127,0,-17.981840214260586,-15741.665775004609
649,-0.24382527,0.86823946,1.8849555,0.016434614,-0.099478744,0,-10.539744944232678,-15752.20551994884
650,-0.22739066,0.76876074,1.8849555,-0.017724345,0.16348082,0,-19.973634671552826,-15772.179154620393
651,0.0,0.5,1.5707963,0.19745749,0.16827384,0,-50.00000000000057,-15822.179154620395
652,0.19745749,0.6682738,1.5707963,-0.15642281,0.18396533,0,-38.60462392988249,-15860.783778550276
653,0.041034684,0.85223913,1.5707963,-0.1348539,0.08633283,0,-15.335290409515276,-15876.119068959792
654,-0.093819216,0.93857193,1.5707963,0.08202377,0.11105384,0,-11.214039071429161,-15887.333108031222
655,-0.011795446,1.0496258,1.5707963,0.15370537,0.09287314,0,-5.100833098009043,-15892.433941129231
656,0.14190993,1.1424989,1.5707963,0.156597,-0.107926644,0,-20.11077533957618,-15912.544716468807
657,0.29850692,1.0345722,1.5707963,0.075605795,0.0710921,0,-30.050220232672093,-15942.594936701478
658,0.37411273,1.1056644,1.5707963,-0.04301956,-0.11857172,0,-38.874829171900465,-15981.469765873378
659,0.33109316,0.9870927,1.5707963,0.17328992,0.18274513,0,-33.134458075716154,-16014.604223949096
660,0.5043831,1.1698378,1.5707963,0.13125333,0.053656153,0,-53.220965021608244,-16067.825188970704
661,0.0,0.5,1.8849555,-0.10699278,0.19825836,0,-54.675723436945155,-16122.50091240765
662,-0.10699278,0.69825834,1.8849555,-0.08717562,0.08130571,0,-32.36057658717279,-16154.861488994822
663,-0.1941684,0.779564,1.8849555,-0.022147017,0.112364426,0,-20.63973603249383,-16175.501225027316
664,-0.21631542,0.89192843,1.8849555,-0.14989524,0.036106862,0,-10.995319695452556,-16186.496544722768
665,-0.36621064,0.9280353,1.8849555,-0.0007367234,-0.028399298,0,-6.165302541598019,-16192.661847264366
666,-0.36694735,0.89963603,1.8849555,-0.0235151,-0.10223601,0,-7.7459674810831585,-16200.40781474545
667,-0.39046246,0.7974,1.8849555,0.122482106,0.1389212,0,-17.39071733165314,-16217.798532077102
668,-0.26798034,0.9363212,1.8849555,-0.06793872,-0.07691274,0,-4.360198728228511,-16222.158730805331
669,-0.33591905,0.85940844,1.8849555,0.17249876,0.11529407,0,-9.551491011406513,-16231.710221816737
670,-0.16342029,0.9747025,1.8849555,0.14519496,-0.10074282,0,-14.750429074198943,-16246.460650890936
671,0.0,0.5,1.5707963,-0.034203157,0.18418105,0,-50.00000000000057,-16296.460650890936
672,-0.034203157,0.68418103,1.5707963,0.06717444,0.17973997,0,-31.7665673358094,-16328.227218226746
673,0.032971285,0.863921,1.5707963,0.103864774,0.14782156,0,-14.001642242391993,-16342.228860469138
674,0.13683605,1.0117426,1.5707963,-0.030676208,-0.16809006,0,-13.733889803204072,-16355.962750272342
675,0.10615984,0.84365255,1.5707963,-0.035298098,0.19355851,0,-18.898259863964384,-16374.861010136307
676,0.07086174,1.0372111,1.5707963,0.15373671,0.10984551,0,-8.003773354278012,-16382.864783490584
677,0.22459845,1.1470566,1.5707963,-0.17584002,-0.07003219,0,-26.845869054597994,-16409.71065254518
678,0.048758432,1.0770243,1.5707963,0.18383622,-0.009082275,0,-9.11598947149916,-16418.826642016684
679,0.23259465,1.067942,1.5707963,-0.16329594,-0.03196572,0,-24.231458160592158,-16443.058100177273
680,0.069298714,1.0359763,1.5707963,0.13078098,0.0379914,0,-7.8080694453401795,-16450.866169622615
681,0.0,0.5,1.8849555,-0.0786834,0.19137841,0,-54.675723436945155,-16505.54189305956
682,-0.0786834,0.6913784,1.8849555,-0.10115454,0.11036968,0,-34.71113228315106,-16540.25302534271
683,-0.17983794,0.8017481,1.8849555,-0.12157729,0.12243155,0,-19.743410402863653,-16559.996435745576
684,-0.30141523,0.9241797,1.8849555,-0.06984518,0.0435833,0,-2.7931200065216317,-16562.789555752097
685,-0.3712604,0.96776295,1.8849555,0.024189187,-0.13325663,0,-6.444650921695327,-16569.23420667379
686,-0.34707123,0.83450633,1.8849555,0.021624055,0.06140707,0,-12.260538151323514,-16581.494744825115
687,-0.32544717,0.8959134,1.8849555,-0.112760775,-0.07672677,0,-5.753882059575745,-16587.24862688469
688,-0.43820795,0.8191866,1.8849555,0.12337675,0.09315119,0,-18.46076680482069,-16605.70939368951
689,-0.3148312,0.91233784,1.8849555,0.18414152,-0.057553478,0,-3.915282000360656,-16609.624675689873
690,-0.13068968,0.85478437,1.8849555,0.12050632,0.17102955,0,-20.265473924098558,-16629.89014961397
691,0.0,0.5,1.5707963,0.14124416,-0.12878527,0,-50.00000000000057,-16679.89014961397
692,0.14124416,0.37121475,1.5707963,-0.0639661,0.16477329,0,-64.44538654820792,-16744.33553616218
693,0.077278055,0.53598803,1.5707963,0.14283422,0.15978913,0,-47.040301002749,-16791.375837164927
694,0.22011226,0.6957772,1.5707963,-0.19123313,0.17443267,0,-37.55008670254307,-16828.92592386747
695,0.028879136,0.8702098,1.5707963,-0.050465282,0.12186312,0,-13.29642536079589,-16842.222349228265
696,-0.021586146,0.99207294,1.5707963,0.16313718,0.07895884,0,-2.2995722421716316,-16844.521921470438
697,0.14155103,1.0710318,1.5707963,0.14223175,0.13713378,0,-15.837358158207367,-16860.359279628647
698,0.28378278,1.2081656,1.5707963,-0.16728789,0.003170319,0,-35.194539275157766,-16895.5538189038
699,0.116494894,1.211336,1.5707963,-0.16768162,-0.16937663,0,-24.13171247132745,-16919.68553137513
700,-0.051186725,1.0419594,1.5707963,-0.014174889,0.18247414,0,-6.618670757400329,-16926.30420213253
701,0.0,0.5,1.8849555,-0.13530648,0.1495402,0,-54.675723436945155,-16980.979925569474
702,-0.13530648,0.6495402,1.8849555,-0.16827597,0.18901433,0,-34.797620260650845,-17015.777545830126
703,-0.30358243,0.8385545,1.8849555,0.07390469,0.06962874,0,-11.263322153984813,-17027.040867984113
704,-0.22967774,0.9081832,1.8849555,-0.13890979,-0.07400662,0,-9.018221257746713,-17036.05908924186
705,-0.36858752,0.8341766,1.8849555,0.11726691,-0.108533815,0,-13.118526773054025,-17049.177616014913
706,-0.2513206,0.7256428,1.8849555,-0.075018205,0.111875355,0,-23.268051480796263,-17072.445667495707
707,-0.3263388,0.83751816,1.8849555,0.16939819,-0.04012102,0,-11.485212838879242,-17083.93088033459
708,-0.15694061,0.79739714,1.8849555,-0.014172501,0.03876941,0,-21.619071099420374,-17105.549951434008
709,-0.1711131,0.83616656,1.8849555,0.06768573,-0.14313374,0,-17.949143786073368,-17123.499095220082
710,-0.10342737,0.6930328,1.8849555,-0.065439515,-0.10465721,0,-32.99141117803886,-17156.49050639812
711,0.0,0.5,1.5707963,0.13570526,0.18285783,3,-50.00000000000057,-17206.49050639812
712,0.13570526,0.6828578,1.5707963,-0.18463738,0.17300427,3,-34.49566139617169,-17240.986167794294
713,-0.04893212,0.8558621,1.5707963,0.103965305,0.08420843,3,-15.22172771244827,-17256.20789550674
714,0.055033185,0.9400705,1.5707963,-0.14534545,0.14682065,3,-8.136453083804565,-17264.344348590545
715,-0.090312265,1.0868912,1.5707963,0.03458037,-0.0775011,3,-12.53251570713041,-17276.876864297676
716,-0.055731896,1.0093901,1.5707963,-0.07208467,-0.1609352,3,-5.651749247166391,-17282.52861354484
717,-0.12781657,0.84845495,1.5707963,0.026836134,0.14949167,3,-19.8249835003601,-17302.353597045203
718,-0.10098044,0.9979466,1.5707963,0.07908672,0.17043656,3,-10.100138877636079,-17312.453735922838
719,-0.021893717,1.1683831,1.5707963,0.16735156,-0.17475596,3,-16.98005116838041,-17329.43378709122
720,0.14545783,0.9936272,1.5707963,-0.10763597,-0.13171943,3,-14.55972946513443,-17343.99351655635
721,0.0,0.5,-1.1920929e-7,0.15006836,-0.15705892,3,-111.8034042061915,-17455.796920762543
722,0.15006836,0.34294108,-1.1920929e-7,0.1768947,-0.16167717,3,-91.65110254913672,-17547.44802331168
723,0.32696307,0.18126391,-1.1920929e-7,0.176786,-0.10745063,3,-69.7018910029097,-17617.149914314592
724,0.5037491,0.07381328,-1.1920929e-7,0.16338305,-0.017835911,3,-50.17104754581724,-17667.32096186041
725,0.66713214,0.05597737,-1.1920929e-7,0.18015356,0.10109856,3,-33.75418375754997,-17701.075145617957
726,0.8472857,0.15707593,-1.1920929e-7,0.051548872,-0.15729688,3,-21.907657405441427,-17722.9828030234
727,0.8988346,-0.00022095442,-1.1920929e-7,-0.12105437,-0.19325618,3,-10.116565488814716,-17733.099368512216
728,0.77778023,-0.19347714,-1.1920929e-7,-0.017155217,0.01796906,3,-29.464382087348344,-17762.563750599562
729,0.760625,-0.17550808,-1.1920929e-7,0.18836273,0.1350904,3,-29.682222510207552,-17792.24597310977
730,0.9489877,-0.040417686,-1.1920929e-7,-0.1789636,-0.10528247,3,-6.508327112255328,-17798.754300222026
731,0.0,0.5,-1.5707965,0.18549316,-0.1936802,3,-150.00000000000088,-17948.754300222026
732,0.18549316,0.3063198,-1.5707965,0.063587494,-0.19891557,3,-131.94238133326627,-18080.69668155529
733,0.24908066,0.10740423,-1.5707965,-0.010688209,-0.18818545,3,-113.50706535001662,-18194.20374690531
734,0.23839244,-0.08078122,-1.5707965,-0.039062176,-0.1489321,3,-94.96284522128511,-18289.166592126596
735,0.19933027,-0.22971332,-1.5707965,-0.04887194,-0.18539464,3,-79.56595942120296,-18368.732551547797
736,0.15045834,-0.41510797,-1.5707965,0.09213556,-0.0036382906,3,-60.393414534838385,-18429.125966082636
737,0.2425939,-0.41874626,-1.5707965,-0.14591232,-0.16166782,3,-62.98474307960195,-18492.110709162236
738,0.09668158,-0.58041406,-1.5707965,0.069981925,-0.1980323,3,-43.058068135200664,-18535.16877729744
739,0.1666635,-0.7784464,-1.5707965,-0.098922886,0.13081895,3,-27.724138206813308,-18562.89291550425
740,0.06774061,-0.6476274,-1.5707965,-0.11733763,-0.081578314,3,-35.88248213645819,-18598.77539764071
741,0.0,0.5,-3.141593,-0.19539806,-0.16649614,3,-111.80338430292423,-18710.578781943634
742,-0.19539806,0.33350384,-3.141593,-0.17617576,-0.177119,3,-87.09815574437285,-18797.676937688007
743,-0.3715738,0.15638484,-3.141593,-0.19432257,-0.039580498,3,-64.75921540630652,-18862.436153094313
744,-0.5658964,0.11680435,-3.141593,-0.18984035,-0.068629004,3,-44.95432368763121,-18907.390476781944
745,-0.7557367,0.048175342,-3.141593,-0.17009737,-0.00508117,3,-24.896864807461178,-18932.287341589406
746,-0.92583406,0.043094173,-3.141593,0.05269323,-0.17635408,3,-8.577684050842224,-18940.865025640247
747,-0.8731408,-0.1332599,-3.141593,-0.058819942,0.09056068,3,-18.398788915156764,-18959.263814555405
748,-0.93196076,-0.042699225,-3.141593,-0.12325804,0.14662933,3,-8.0328012750176,-18967.296615830423
749,-1.0552188,0.10393011,-3.141593,0.19524764,0.040821254,3,-11.768822069383258,-18979.065437899804
750,-0.85997117,0.14475137,-3.141593,-0.12839179,0.062005337,3,-20.13974657707968,-18999.205184476887
751,0.0,0.5,-4.7123895,-0.15775365,0.19028173,3,-50.00000000002388,-19049.205184476912
752,-0.15775365,0.69028175,-4.7123895,-0.09235889,-0.09148959,3,-34.75798646302486,-19083.963170939936
753,-0.25011253,0.59879214,-4.7123895,0.19153287,0.14906934,3,-47.27835385284527,-19131.241524792782
754,-0.05857967,0.7478615,-4.7123895,0.03719691,0.19371003,3,-25.8854120498089,-19157.12693684259
755,-0.02138276,0.94157153,-4.7123895,-0.10745523,0.11558403,3,-6.2218397722077,-19163.348776614795
756,-0.12883799,1.0571556,-4.7123895,0.14806095,-0.090177216,3,-14.094721243410355,-19177.443497858207
757,0.01922296,0.9669784,-4.7123895,-0.0934924,0.12022379,3,-3.8209048248755324,-19181.264402683082
758,-0.074269444,1.0872022,-4.7123895,0.04446259,0.086766735,3,-11.454363820020692,-19192.718766503105
759,-0.029806852,1.1739689,-4.7123895,-0.01658985,0.03327641,3,-17.65039932625465,-19210.369165829357
760,-0.046396703,1.2072453,-4.7123895,-0.019711154,-0.15867154,3,-21.237545622825927,-19231.606711452183
761,0.0,0.5,-6.283186,0.18909161,-0.19113438,3,-111.8034280191428,-19343.41013947133
762,0.18909161,0.3088656,-6.283186,0.15367477,-0.18709664,3,-86.77388927275868,-19430.184028744086
763,0.34276637,0.12176897,-6.283186,0.15640774,-0.08915312,3,-66.84189394035926,-19497.025922684446
764,0.49917412,0.032615848,-6.283186,0.09391985,0.18572894,3,-50.18868399182313,-19547.21460667627
765,0.593094,0.21834478,-6.283186,0.12372288,0.055510588,3,-46.17869925827164,-19593.39330593454
766,0.7168169,0.27385536,-6.283186,0.030625137,-0.18323544,3,-39.394134225748246,-19632.78744016029
767,0.74744207,0.09061992,-6.283186,0.13617752,-0.09214887,3,-26.832368141026265,-19659.619808301315
768,0.8836196,-0.0015289485,-6.283186,0.049914647,0.09464684,3,-11.63904278010081,-19671.258851081417
769,0.93353426,0.09311789,-6.283186,-0.19199836,0.04472425,3,-11.440610692961922,-19682.699461774377
770,0.7415359,0.13784215,-6.283186,-0.17284675,0.13244458,3,-29.292375717379116,-19711.991837491754
771,0.0,0.5,-7.8539824,0.17607003,-0.19957995,3,-150.0000000000221,-19861.99183749178
772,0.17607003,0.30042005,-7.8539824,-0.08379311,-0.15471372,3,-131.22855023053575,-19993.220387722315
773,0.09227692,0.14570633,-7.8539824,-0.010308765,-0.14393936,3,-114.94164457808289,-20108.162032300395
774,0.08196816,0.0017669648,-7.8539824,0.04228892,-0.18596643,3,-100.51149010436153,-20208.67352240476
775,0.12425708,-0.18419947,-7.8539824,0.00056498765,-0.10514853,3,-82.52093877232006,-20291.194461177078
776,0.124822065,-0.289348,-7.8539824,-0.07032118,-0.18586583,3,-72.1531016349244,-20363.347562812003
777,0.054500885,-0.47521383,-7.8539824,-0.06964252,-0.18940611,3,-52.76087224703952,-20416.108435059043
778,-0.015141636,-0.6646199,-7.8539824,-0.1956831,-0.07598508,3,-33.57216715792683,-20449.68060221697
779,-0.21082474,-0.740605,-7.8539824,-0.0922405,-0.14550106,3,-33.42641118857034,-20483.10701340554
780,-0.30306524,-0.8861061,-7.8539824,-0.04577905,0.08752347,3,-32.375897298083935,-20515.482910703624
781,0.0,0.5,-9.424779,-0.19963992,-0.1472522,3,-111.8033551588165,-20627.28626586244
782,-0.19963992,0.3527478,-9.424779,-0.15804312,-0.1688713,3,-87.4646547309299,-20714.75092059337
783,-0.35768303,0.1838765,-9.424779,-0.19018246,-0.17962672,3,-66.81177246639457,-20781.562693059765
784,-0.5478655,0.0042497814,-9.424779,-0.19878308,-0.045500904,3,-45.21544530285516,-20826.77813836262
785,-0.7466486,-0.041251123,-9.424779,-0.18251754,0.06107002,3,-25.668787036379502,-20852.446925399
786,-0.92916614,0.019818898,-9.424779,0.02476758,-0.069426715,3,-7.355396634407819,-20859.802322033407
787,-0.90439856,-0.049607817,-9.424779,-0.08838544,0.11783363,3,-10.770639596753508,-20870.57296163016
788,-0.992784,0.068225816,-9.424779,-0.10794898,0.09842572,3,-6.86053852864876,-20877.433500158808
789,-1.100733,0.16665155,-9.424779,0.0006979098,-0.17044142,3,-19.47294481956032,-20896.90644497837
790,-1.1000352,-0.003789872,-9.424779,0.17729636,0.11256982,3,-10.0106992235428,-20906.91714420191
791,0.0,0.5,-10.995575,0.16578408,0.19005382,3,-50.00000000004403,-20956.917144201954
792,0.16578408,0.6900538,-10.995575,-0.05232835,0.16044633,3,-35.14979002714359,-20992.0669342291
793,0.11345573,0.85050017,-10.995575,0.15385613,0.123782754,3,-18.76759222942464,-21010.834526458522
794,0.26731187,0.9742829,-10.995575,-0.045852758,0.07543234,3,-26.85454334194902,-21037.68906980047
795,0.22145912,1.0497153,-10.995575,-0.12566237,-0.0053585647,3,-22.69701682004698,-21060.38608662052
796,0.09579675,1.0443567,-10.995575,-0.10085718,-0.08462535,3,-10.55670741471971,-21070.94279403524
797,-0.0050604343,0.95973134,-10.995575,-0.028608277,-0.021759462,3,-4.058546116233815,-21075.001340151473
798,-0.03366871,0.9379719,-10.995575,0.08322291,-0.043310806,3,-7.057700243458454,-21082.05904039493
799,0.0495542,0.89466107,-10.995575,-0.041536048,0.07119248,3,-11.641238452068013,-21093.700278846998
800,0.008018151,0.9658536,-10.995575,0.106824845,0.040226378,3,-3.507504319947046,-21097.20778316695
801,0.0,0.5,-12.566371,0.10080556,0.015541852,3,-111.80341451365557,-21209.011197680604
802,0.10080556,0.51554185,-12.566371,0.17491332,-0.103437744,3,-103.65010396900742,-21312.661301649612
803,0.27571887,0.4121041,-12.566371,0.14730023,-0.18934926,3,-83.33146080189323,-21395.992762451504
804,0.4230191,0.22275484,-12.566371,0.1387574,0.020621922,3,-61.848752524177286,-21457.84151497568
805,0.5617765,0.24337676,-12.566371,0.12233149,-0.010279609,3,-50.12706233092716,-21507.96857730661
806,0.684108,0.23309715,-12.566371,0.17594565,-0.16464604,3,-39.258398914244346,-21547.226976220853
807,0.86005366,0.06845111,-12.566371,-0.1235459,0.14573702,3,-15.579018057828344,-21562.80599427868
808,0.7365078,0.21418813,-12.566371,0.14793712,-0.011921582,3,-33.9565689902056,-21596.762563268887
809,0.8844449,0.20226654,-12.566371,-0.089335866,-0.076962054,3,-23.294823291092346,-21620.05738655998
810,0.79510903,0.12530449,-12.566371,-0.032696247,-0.18581815,3,-24.016996284050848,-21644.074382844028
811,0.0,0.5,-14.137167,0.04765631,-0.19882618,3,-150.00000000000006,-21794.074382844028
812,0.04765631,0.3011738,-14.137167,-0.13734773,-0.1888257,3,-130.20462361606616,-21924.279006460096
813,-0.089691415,0.11234811,-14.137167,0.0011660943,-0.17638883,3,-111.59582699439648,-22035.87483345449
814,-0.08852532,-0.06404072,-14.137167,-0.06798645,-0.17286529,3,-94.01364254594671,-22129.888476000437
815,-0.15651177,-0.236906,-14.137167,0.15886901,-0.15146317,3,-77.89790528627583,-22207.786381286714
816,0.0023572445,-0.38836917,-14.137167,-0.03484416,-0.17941488,3,-61.16353697567958,-22268.949918262395
817,-0.032486916,-0.5677841,-14.137167,0.17664278,-0.17456569,3,-43.34351239441542,-22312.29343065681
818,0.14415586,-0.74234974,-14.137167,-0.11552296,0.15282032,3,-29.523647601388035,-22341.8170782582
819,0.028632902,-0.5895294,-14.137167,-0.04938184,-0.049325462,3,-41.14680577971371,-22382.963884037912
820,-0.02074894,-0.63885486,-14.137167,-0.03950384,-0.04860295,3,-36.17406919827126,-22419.137953236183
821,0.0,0.5,-15.707963,-0.11965509,-0.19946018,3,-111.8034113138735,-22530.941364550057
822,-0.11965509,0.30053982,-15.707963,-0.19240524,-0.10645349,3,-93.02319690433104,-22623.964561454388
823,-0.31206033,0.19408633,-15.707963,-0.19209662,-0.040066343,3,-71.47940999615685,-22695.443971450542
824,-0.50415695,0.15401998,-15.707963,-0.14574717,-0.19308986,3,-51.921341805802825,-22747.36531325635
825,-0.64990413,-0.039069876,-15.707963,-0.17911586,0.14064765,3,-35.22691447612135,-22782.592227732468
826,-0.82902,0.10157777,-15.707963,-0.1490783,-0.19000427,3,-19.887748246248965,-22802.479975978717
827,-0.97809833,-0.0884265,-15.707963,-0.06321307,0.028942619,3,-9.109818787162508,-22811.58979476588
828,-1.0413114,-0.059483882,-15.707963,0.050848357,-0.07441458,3,-7.242188563203235,-22818.831983329084
829,-0.990463,-0.13389847,-15.707963,-0.0021999099,0.14989355,3,-13.423739773427018,-22832.25572310251
830,-0.9926629,0.015995085,-15.707963,0.1698057,0.16462691,3,-1.7597857499504705,-22834.01550885246
831,0.0,0.5,-17.278759,-0.038224,0.19163837,3,-50.00000000003505,-22884.015508852495
832,-0.038224,0.69163835,-17.278759,-0.045165453,0.07476131,3,-31.072163722886593,-22915.08767257538
833,-0.08338945,0.7663997,-17.278759,0.178462,0.16078272,3,-24.803792250178304,-22939.89146482556
834,0.095072545,0.92718244,-17.278759,0.1577066,0.024567941,3,-11.975516289367219,-22951.866981114927
835,0.25277916,0.9517504,-17.278759,-0.16790527,0.041366667,3,-25.734339924873197,-22977.6013210398
836,0.084873885,0.9931171,-17.278759,0.13291365,0.06468387,3,-8.515310467722525,-22986.116631507524
837,0.21778753,1.057801,-17.278759,-0.09179052,0.04377106,3,-22.53278154225552,-23008.649413049778
838,0.125997,1.101572,-17.278759,-0.005236194,-0.058860436,3,-16.18402718413761,-23024.833440233917
839,0.12076081,1.0427116,-17.278759,0.051356744,0.19504477,3,-12.809215097522534,-23037.642655331438
840,0.17211756,1.2377564,-17.278759,-0.032506734,-0.031233564,3,-29.351788844163078,-23066.9944441756
841,0.0,0.5,-18.849556,0.1139933,0.012820548,3,-111.80340100817708,-23178.797845183777
842,0.1139933,0.51282054,-18.849556,0.19202313,-0.16779299,3,-102.37152074662008,-23281.1693659304
843,0.30601645,0.34502757,-18.849556,0.16583562,-0.093146645,3,-77.50207923490761,-23358.671445165306
844,0.47185206,0.2518809,-18.849556,0.19959463,-0.13630225,3,-58.5136104691807,-23417.185055634487
845,0.6714467,0.11557867,-18.849556,0.100293346,-0.056272127,3,-34.82897106542367,-23452.01402669991
846,0.77174,0.05930654,-18.849556,0.13948098,-0.094376504,3,-23.583869503521623,-23475.597896203435
847,0.911221,-0.035069965,-18.849556,0.15541115,0.10104633,3,-9.54547278438635,-23485.143368987818
848,1.0666322,0.06597637,-18.849556,-0.15976189,-0.1295007,3,-9.37695624649321,-23494.520325234313
849,0.90687025,-0.063524336,-18.849556,0.124862924,-0.113611184,3,-11.273192204800973,-23505.793517439113
850,1.0317332,-0.17713553,-18.849556,-0.14870708,-0.10411329,3,-17.99554700936234,-23523.789064448476
851,0.0,0.5,-20.420353,-0.033168968,-0.17671187,3,-150.00000000001575,-23673.78906444849
852,-0.033168968,0.32328814,-20.420353,0.07323783,-0.17290594,3,-132.37037596766956,-23806.15944041616
853,0.04006886,0.1503822,-20.420353,0.12112629,-0.19745724,3,-115.10798357384664,-23921.267423990008
854,0.16119514,-0.047075033,-20.420353,-0.07098284,-0.1978591,3,-96.64626679140818,-24017.913690781417
855,0.0902123,-0.24493413,-20.420353,-0.15205708,-0.18513696,3,-76.04359645305892,-24093.957287234472
856,-0.06184478,-0.4300711,-20.420353,0.05165244,-0.12478286,3,-57.32745060406216,-24151.284737838538
857,-0.010192342,-0.5548539,-20.420353,0.010781619,0.17981417,3,-44.52627379145739,-24195.811011629994
858,0.00058927666,-0.37503976,-20.420353,-0.059837934,-0.09083757,3,-62.49605221657174,-24258.307063846565
859,-0.059248656,-0.46587732,-20.420353,0.15841748,-0.16064061,3,-53.73986922498011,-24312.046933071546
860,0.09916882,-0.62651795,-20.420353,0.016474128,-0.17458798,3,-38.64239022109603,-24350.68932329264
861,0.0,0.5,-21.99115,-0.18646184,-0.19768418,3,-111.80333952018617,-24462.49266281283
862,-0.18646184,0.30231583,-21.99115,-0.17135404,-0.0999367,3,-86.7893082950057,-24549.281971107834
863,-0.35781586,0.20237914,-21.99115,-0.149195,-0.18309832,3,-67.33180864103235,-24616.613779748866
864,-0.5070109,0.019280821,-21.99115,-0.18411463,-0.121799715,3,-49.3365963712158,-24665.950376120083
865,-0.6911255,-0.102518894,-21.99115,-0.16336936,0.12256278,3,-32.544407349614616,-24698.494783469698
866,-0.85449487,0.020043887,-21.99115,-0.08411278,0.12459193,3,-14.68790221633477,-24713.18268568603
867,-0.93860763,0.14463583,-21.99115,-0.044622112,0.010909666,3,-15.712466722845928,-24728.895152408877
868,-0.98322976,0.15554549,-21.99115,0.13364445,-0.17461295,3,-15.644560404861943,-24744.53971281374
869,-0.8495853,-0.019067466,-21.99115,-0.13621888,0.049791504,3,-15.161860851483025,-24759.701573665225
870,-0.9858042,0.030724037,-21.99115,0.15535675,-0.035223555,3,-3.3843842220114806,-24763.085957887233
871,0.0,0.5,-23.561947,0.11677775,0.048354298,3,-50.00000000038689,-24813.085957887622
872,0.11677775,0.54835427,-23.561947,-0.17019236,0.18562603,3,-46.64980709187463,-24859.735764979494
873,-0.053414613,0.7339803,-23.561947,0.10591082,0.1629409,3,-27.13297124286081,-24886.868736222357
874,0.05249621,0.8969212,-23.561947,-0.08723775,0.06265121,3,-11.56757577778161,-24898.436312000136
875,-0.034741543,0.95957243,-23.561947,-0.018937413,0.12918347,3,-5.330571788990611,-24903.76688378913
876,-0.053678956,1.0887558,-23.561947,0.08588533,-0.0413542,3,-10.372676454036919,-24914.139560243166
877,0.032206375,1.0474017,-23.561947,-0.048021298,-0.11734103,3,-5.73065607632707,-24919.870216319494
878,-0.015814923,0.9300606,-23.561947,-0.009891785,0.10204617,3,-7.170557973568037,-24927.040774293062
879,-0.025706708,1.0321068,-23.561947,0.03905594,-0.013960784,3,-4.1131251459589375,-24931.15389943902
880,0.013349231,1.0181459,-23.561947,0.113478296,-0.112668045,3,-2.2526070155538274,-24933.406506454572
881,0.0,0.5,-25.132744,0.1790122,-0.08101314,3,-111.80351545178506,-25045.210021906358
882,0.1790122,0.41898686,-25.132744,0.19578971,-0.1418504,3,-92.17229235582953,-25137.382314262188
883,0.3748019,0.27713645,-25.132744,0.13506693,-0.063930646,3,-68.38703921853303,-25205.769353480722
884,0.50986886,0.2132058,-25.132744,0.17455326,-0.17630446,3,-53.44963597897031,-25259.218989459692
885,0.68442214,0.03690134,-25.132744,0.19695663,0.05289676,3,-31.77283272407447,-25290.991822183765
886,0.88137877,0.0897981,-25.132744,0.038424127,-0.08689071,3,-14.877890716904565,-25305.869712900672
887,0.9198029,0.002907388,-25.132744,-0.17053428,0.017390061,3,-8.024987386258912,-25313.894700286928
888,0.74926865,0.02029745,-25.132744,-0.15594222,0.09494124,3,-25.155178717921885,-25339.04987900485
889,0.59332645,0.1152387,-25.132744,0.0707338,-0.099880174,3,-42.26865679141575,-25381.31853579627
890,0.66406024,0.015358523,-25.132744,-0.04245117,-0.059028987,3,-33.629078189087075,-25414.947613985354
891,0.0,0.5,-26.70354,-0.08413967,-0.19941546,3,-150.00000000035132,-25564.947613985707
892,-0.08413967,0.30058455,-26.70354,0.19055119,-0.19232129,3,-130.33031578203182,-25695.277929767737
893,0.106411524,0.10826327,-26.70354,-0.13083577,-0.19222529,3,-111.33604883260864,-25806.613978600348
894,-0.024424247,-0.08396202,-26.70354,0.05507922,-0.17525412,3,-91.63634432477323,-25898.25032292512
895,0.030654974,-0.25921613,-26.70354,0.08939536,0.12112539,3,-74.14180122435674,-25972.392124149475
896,0.12005033,-0.13809073,-26.70354,0.008403781,-0.19983728,3,-87.023011454423,-26059.4151356039
897,0.12845412,-0.337928,-26.70354,0.0759892,-0.15350321,3,-67.44187362073959,-26126.857009224637
898,0.20444332,-0.4914312,-26.70354,-0.17207788,-0.049958795,3,-54.81246359773342,-26181.66947282237
899,0.03236544,-0.54139,-26.70354,0.10016294,0.098058425,3,-45.975086995416014,-26227.64455981779
900,0.13252838,-0.44333157,-26.70354,0.12659673,-0.13495968,3,-57.22275539439331,-26284.86731521218
901,0.0,0.5,-28.274338,-0.19780543,-0.10070353,3,-111.80322507729122,-26396.670540289473
902,-0.19780543,0.39929646,-28.274338,-0.192096,-0.19622329,3,-89.60751544668662,-26486.27805573616
903,-0.38990143,0.20307317,-28.274338,-0.16334368,-0.18823831,3,-64.30065329076037,-26550.57870902692
904,-0.5532451,0.014834866,-28.274338,-0.19804941,0.049852524,3,-44.70009779943163,-26595.27880682635
905,-0.75129455,0.064687386,-28.274338,-0.19198997,-0.16873042,3,-25.69792878592594,-26620.976735612276
906,-0.9432845,-0.10404304,-28.274338,-0.11278993,0.1246653,3,-11.850067005224451,-26632.826802617503
907,-1.0560744,0.02062226,-28.274338,-0.06810863,-0.08396176,3,-5.974490407154389,-26638.801293024655
908,-1.124183,-0.0633395,-28.274338,0.17288905,0.043670353,3,-13.940522538289757,-26652.741815562946
909,-0.951294,-0.01966915,-28.274338,-0.055794243,-0.028244752,3,-5.252906124826574,-26657.994721687774
910,-1.0070883,-0.0479139,-28.274338,-0.031504817,0.02388773,3,-4.84392240930804,-26662.83864409708
911,0.0,0.5,-29.845135,-0.045603592,0.09890166,3,-50.00000000204847,-26712.838644099127
912,-0.045603592,0.5989016,-29.845135,0.010279648,0.19275957,3,-40.36830480497678,-26753.206948904106
913,-0.035323944,0.7916612,-29.845135,0.08713685,0.17253354,3,-21.131293183980805,-26774.338242088088
914,0.051812906,0.9641948,-29.845135,-0.13659719,0.0438737,3,-6.297715762792403,-26780.63595785088
915,-0.084784284,1.0080684,-29.845135,0.011049966,-0.06200155,3,-8.517183867644238,-26789.15314171852
916,-0.07373432,0.9460669,-29.845135,0.07546365,-0.12805301,3,-9.135751235815546,-26798.28889295434
917,0.0017293319,0.8180139,-29.845135,-0.092500314,0.037993293,3,-18.199426691654644,-26816.488319645992
918,-0.09077098,0.8560072,-29.845135,-0.032156024,-0.05750271,3,-17.02178429395797,-26833.510103939952
919,-0.12292701,0.79850453,-29.845135,0.16831882,-0.16513054,3,-23.60351381298548,-26857.113617752937
920,0.045391813,0.633374,-29.845135,-0.06848556,0.13498738,3,-36.94247521054791,-26894.056092963485
921,0.0,0.5,-31.415932,0.18990955,-0.13761595,3,-111.80362989584862,-27005.859722859335
922,0.18990955,0.36238405,-31.415932,0.18734112,-0.10851054,3,-88.74528075392041,-27094.605003613255
923,0.37725067,0.25387353,-31.415932,0.18374905,-0.08715492,3,-67.2511053405284,-27161.856108953783
924,0.56099975,0.1667186,-31.415932,0.17115618,-0.1034374,3,-46.959347667864165,-27208.815456621647
925,0.7321559,0.0632812,-31.415932,0.034857713,-0.049441807,3,-27.521921423203104,-27236.33737804485
926,0.7670136,0.013839394,-31.415932,-0.051545657,-0.009318045,3,-23.339736509102874,-27259.677114553953
927,0.71546793,0.0045213485,-31.415932,0.14925237,-0.13505861,3,-28.456807319334658,-27288.133921873286
928,0.8647203,-0.13053726,-31.415932,-0.17712319,0.1914586,3,-18.798730820230936,-27306.93265269352
929,0.6875971,0.06092134,-31.415932,-0.14193721,0.12668599,3,-31.82885698496392,-27338.76150967848
930,0.5456599,0.18760733,-31.415932,0.024452498,-0.00780877,3,-49.15520078749247,-27387.916710465972
931,0.0,0.5,-32.98673,0.049859136,-0.18876629,3,-150.00000000112348,-27537.916710467096
932,0.049859136,0.3112337,-32.98673,-0.08138666,-0.17164424,3,-131.21815143736848,-27669.134861904466
933,-0.031527527,0.13958946,-32.98673,0.08539578,-0.18119165,3,-114.00253301106633,-27783.13739491553
934,0.053868257,-0.041602194,-32.98673,-0.051516067,-0.09672369,3,-95.99108127906658,-27879.128476194597
935,0.0023521893,-0.13832588,-32.98673,-0.07793525,0.051631503,3,-86.16773414143547,-27965.296210336033
936,-0.075583056,-0.08669438,-32.98673,0.09275448,-0.18063752,3,-91.64273415622458,-28056.93894449226
937,0.017171428,-0.2673319,-32.98673,0.17229712,-0.16366866,3,-73.2869432242144,-28130.22588771647
938,0.18946855,-0.43100056,-32.98673,-0.06967726,-0.1423523,3,-59.971734396722965,-28190.197622113195
939,0.119791284,-0.5733529,-32.98673,0.06694092,0.066906564,3,-44.31468305268802,-28234.512305165885
940,0.1867322,-0.5064463,-32.98673,0.1730587,-0.15826745,3,-52.7699096655602,-28287.282214831444
941,0.0,0.5,-34.557526,-0.16687965,-0.14456809,3,-111.80311063488517,-28399.08532546633
942,-0.16687965,0.3554319,-34.557526,-0.19246314,-0.123091556,3,-90.57686101236106,-28489.66218647869
943,-0.3593428,0.23234037,-34.557526,-0.19277531,-0.14249234,3,-68.1484175296271,-28557.81060400832
944,-0.5521181,0.08984803,-34.557526,-0.18566951,0.059181124,3,-45.68037717267503,-28603.490981180992
945,-0.7377876,0.14902915,-34.557526,0.09889766,0.011368157,3,-30.16009070693156,-28633.651071887925
946,-0.63888997,0.1603973,-34.557526,-0.17785026,-0.1274133,3,-39.5127426479002,-28673.163814535823
947,-0.8167402,0.032984003,-34.557526,-0.18398598,0.017758776,3,-18.620329804766442,-28691.784144340592
948,-1.0007262,0.05074278,-34.557526,-0.033311576,-0.17586923,3,-5.0741530840085005,-28696.8582974246
949,-1.0340378,-0.12512645,-34.557526,-0.04756236,0.12990883,3,-12.967966517429716,-28709.826263942028
950,-1.0816002,0.0047823787,-34.557526,0.00792095,0.021802394,3,-8.173983373326452,-28718.000247315354
951,0.0,0.5,-36.128323,-0.075060464,0.18906881,3,-50.00000000501977,-28768.000247320375
952,-0.075060464,0.6890688,-36.128323,0.0616047,-0.18823014,3,-31.986458336830616,-28799.986705657207
953,-0.013455763,0.50083864,-36.128323,0.06181574,0.10972174,3,-49.934288244673304,-28849.92099390188
954,0.048359975,0.61056036,-36.128323,-0.08893936,0.1978573,3,-39.24299135954975,-28889.163985261428
955,-0.040579386,0.8084177,-36.128323,0.009200556,0.11817613,3,-19.583423547677043,-28908.747408809108
956,-0.031378828,0.9265938,-36.128323,0.07745411,-0.014203987,3,-7.983450754588622,-28916.730859563693
957,0.046075284,0.9123898,-36.128323,-0.18229495,0.13338558,3,-9.898395598036226,-28926.62925516173
958,-0.13621967,1.0457754,-36.128323,-0.05806036,-0.17224018,3,-14.371192023891464,-28941.000447185623
959,-0.19428003,0.8735352,-36.128323,-0.047536373,-0.06348829,3,-23.18206721886322,-28964.182514404485
960,-0.2418164,0.8100469,-36.128323,-0.031499784,0.090020254,3,-30.750735692165847,-28994.933250096652
961,0.0,0.5,-37.69912,0.18061434,-0.16785547,3,-111.80374434038075,-29106.736994437033
962,0.18061434,0.33214453,-37.69912,0.19796851,-0.09454708,3,-88.41481683799405,-29195.151811275027
963,0.37858284,0.23759745,-37.69912,0.1933551,-0.1256359,3,-66.52935533217943,-29261.681166607206
964,0.5719379,0.11196154,-37.69912,0.19841865,-0.06954992,3,-44.24638544944789,-29305.927552056655
965,0.77035654,0.042411625,-37.69912,0.1571748,0.036938027,3,-23.35284176885282,-29329.28039382551
966,0.92753136,0.07934965,-37.69912,0.10559159,-0.037058096,3,-10.746765464683216,-29340.02715929019
967,1.0331229,0.042291556,-37.69912,0.12843695,-0.011021908,3,-5.372481208299794,-29345.399640498494
968,1.1615598,0.031269647,-37.69912,-0.16665739,-0.07780623,3,-16.455956214286445,-29361.85559671278
969,0.99490243,-0.04653658,-37.69912,-0.10450191,-0.18352847,3,-4.6807259494907045,-29366.53632266227
970,0.8904005,-0.23006505,-37.69912,0.15476462,0.023204105,3,-25.483017071287208,-29392.019339733557
971,0.0,0.5,-39.269917,-0.010111518,-0.19732238,3,-150.0000000023322,-29542.01933973589
972,-0.010111518,0.30267763,-39.269917,0.06434476,-0.16169891,3,-130.27168092132584,-29672.291020657216
973,0.054233238,0.14097872,-39.269917,-0.0056096367,-0.050157167,3,-114.22673065186764,-29786.517751309082
974,0.048623603,0.09082156,-39.269917,0.060783066,-0.12304512,3,-109.19050951964647,-29895.70826082873
975,0.109406665,-0.03222356,-39.269917,-0.16071895,-0.1824436,3,-97.39419318759957,-29993.102454016327
976,-0.051312283,-0.21466717,-39.269917,0.0977695,-0.18485466,3,-78.70068258559557,-30071.803136601924
977,0.046457216,-0.39952183,-39.269917,0.175262,-0.05551567,3,-60.22732648896266,-30132.030463090887
978,0.22171922,-0.4550375,-39.269917,-0.10102992,-0.12694344,3,-58.834279416725124,-30190.864742507612
979,0.1206893,-0.58198094,-39.269917,-0.061704304,-0.16346747,3,-43.50952290277645,-30234.374265410388
980,0.058985,-0.7454484,-39.269917,-0.16820584,-0.07363057,3,-26.12981603627087,-30260.50408144666
981,0.0,0.5,-40.840714,-0.17951025,-0.19651406,3,-111.80299619292737,-30372.307077639587
982,-0.17951025,0.30348593,-40.840714,-0.18809289,0.0012476511,3,-87.48152222798984,-30459.788599867577
983,-0.36760312,0.30473357,-40.840714,-0.19001758,-0.0903877,3,-70.19849524117606,-30529.98709510875
984,-0.5576207,0.21434587,-40.840714,-0.17326432,-0.09613866,3,-49.15686466804535,-30579.143959776797
985,-0.730885,0.11820721,-40.840714,-0.19307488,-0.110312834,3,-29.39280239286409,-30608.53676216966
986,-0.9239599,0.007894374,-40.840714,-0.073263295,-0.008737424,3,-7.6447852925373,-30616.181547462198
987,-0.9972232,-0.00084304996,-40.840714,-0.15388612,0.0043152873,3,-0.2904586635687954,-30616.47200612577
988,-1.1511093,0.0034722374,-40.840714,-0.0471843,-0.022551758,3,-15.114901903649553,-30631.586908029418
989,-1.1982937,-0.019079521,-40.840714,-0.1580935,0.16967826,3,-19.921033528128383,-30651.507941557546
990,-1.3563871,0.15059873,-40.840714,-0.18769737,-0.19047616,3,-38.68967036139742,-30690.197611918942
991,0.0,0.5,-42.41151,-0.02740174,0.1479536,3,-50.000000009300805,-30740.197611928244
992,-0.02740174,0.6479536,-42.41151,-0.0062998054,0.19888745,3,-35.311192410962875,-30775.508804339206
993,-0.033701546,0.8468411,-42.41151,-0.044594914,0.071500264,3,-15.682504256117259,-30791.191308595324
994,-0.07829646,0.91834134,-42.41151,0.095580205,0.07579811,3,-11.313700960903539,-30802.505009556226
995,0.017283745,0.99413943,-42.41151,-0.037738122,-0.02929384,3,-1.8241184541832822,-30804.32912801041
996,-0.020454377,0.9648456,-42.41151,-0.15304877,0.0983869,3,-4.0676874924141835,-30808.396815502823
997,-0.17350315,1.0632325,-42.41151,0.0009977979,-0.12553687,3,-18.467550574336684,-30826.864366077163
998,-0.17250535,0.9376957,-42.41151,0.12649512,-0.119882226,3,-18.342096619801637,-30845.206462696962
999,-0.046010226,0.81781346,-42.41151,-0.120210096,-0.032560952,3,-18.790892803532515,-30863.997355500494
1000,-0.16622032,0.7852525,-42.41151,-0.06486886,0.03287128,3,-27.156746034593798,-30891.15410153509
